path,params,http_status,rows,ok,error,fetched_at,rows_kept
/stats/player/season,category=passing&year=2020,200,3269,True,,2026-09-29T20:11:02Z,105.0
/stats/player/season,category=rushing&year=2020,200,7295,True,,2026-09-29T20:11:07Z,240.0
/stats/player/season,category=receiving&year=2020,200,9600,True,,2026-09-29T20:11:10Z,310.0
/stats/season,year=2020,200,7990,True,,2026-09-29T20:11:16Z,
/stats/player/season,category=passing&year=2021,200,4809,True,,2026-09-29T20:11:18Z,91.0
/stats/player/season,category=rushing&year=2021,200,10690,True,,2026-09-29T20:11:32Z,285.0
/stats/player/season,category=receiving&year=2021,200,13740,True,,2026-09-29T20:11:37Z,340.0
/stats/season,year=2021,200,8190,True,,2026-09-29T20:11:41Z,
/stats/player/season,category=passing&year=2022,200,7399,True,,2026-09-29T20:11:43Z,154.0
/stats/player/season,category=rushing&year=2022,200,16350,True,,2026-09-29T20:11:50Z,305.0
/stats/player/season,category=receiving&year=2022,200,21160,True,,2026-09-29T20:11:55Z,345.0
/stats/season,year=2022,200,8253,True,,2026-09-29T20:11:59Z,
/stats/player/season,category=passing&year=2023,200,7077,True,,2026-09-29T20:12:02Z,126.0
/stats/player/season,category=rushing&year=2023,200,15450,True,,2026-09-29T20:12:09Z,290.0
/stats/player/season,category=receiving&year=2023,200,20170,True,,2026-09-29T20:12:15Z,340.0
/stats/season,year=2023,200,8376,True,,2026-09-29T20:12:21Z,
/stats/player/season,category=passing&year=2024,200,7273,True,,2026-09-29T20:12:23Z,196.0
/stats/player/season,category=rushing&year=2024,200,16155,True,,2026-09-29T20:12:29Z,300.0
/stats/player/season,category=receiving&year=2024,200,20645,True,,2026-09-29T20:12:34Z,350.0
/stats/season,year=2024,200,8442,True,,2026-09-29T20:12:39Z,
/stats/player/season,category=passing&year=2025,200,7658,True,,2026-09-29T20:12:41Z,119.0
/stats/player/season,category=rushing&year=2025,200,17050,True,,2026-09-29T20:12:48Z,230.0
/stats/player/season,category=receiving&year=2025,200,21790,True,,2026-09-29T20:12:53Z,340.0
/stats/season,year=2025,200,8568,True,,2026-09-29T20:12:59Z,
