season,format,url,http_status,ok,n_players,error,fetched_at,top_level_keys,meta,player_keys
2021,ppr,https://fantasyfootballcalculator.com/api/v1/adp/ppr?teams=12&year=2021&position=all,200,True,211,,2026-09-29T20:10:46Z,"[""status"", ""meta"", ""players""]","{""type"": ""PPR"", ""teams"": 12, ""rounds"": 15, ""total_drafts"": 1709, ""start_date"": ""2021-08-31"", ""end_date"": ""2021-09-01""}","[""player_id"", ""name"", ""position"", ""team"", ""adp"", ""adp_formatted"", ""times_drafted"", ""high"", ""low"", ""stdev"", ""bye""]"
2021,standard,https://fantasyfootballcalculator.com/api/v1/adp/standard?teams=12&year=2021&position=all,200,True,224,,2026-09-29T20:10:47Z,"[""status"", ""meta"", ""players""]","{""type"": ""Non-PPR"", ""teams"": 12, ""rounds"": 15, ""total_drafts"": 2656, ""start_date"": ""2021-08-28"", ""end_date"": ""2021-09-01""}","[""player_id"", ""name"", ""position"", ""team"", ""adp"", ""adp_formatted"", ""times_drafted"", ""high"", ""low"", ""stdev"", ""bye""]"
2022,ppr,https://fantasyfootballcalculator.com/api/v1/adp/ppr?teams=12&year=2022&position=all,200,True,157,,2026-09-29T20:10:48Z,"[""status"", ""meta"", ""players""]","{""type"": ""PPR"", ""teams"": 12, ""rounds"": 15, ""total_drafts"": 1633, ""start_date"": ""2022-09-03"", ""end_date"": ""2022-09-04""}","[""player_id"", ""name"", ""position"", ""team"", ""adp"", ""adp_formatted"", ""times_drafted"", ""high"", ""low"", ""stdev"", ""bye""]"
2022,standard,https://fantasyfootballcalculator.com/api/v1/adp/standard?teams=12&year=2022&position=all,200,True,195,,2026-09-29T20:10:50Z,"[""status"", ""meta"", ""players""]","{""type"": ""Non-PPR"", ""teams"": 12, ""rounds"": 15, ""total_drafts"": 2112, ""start_date"": ""2022-08-31"", ""end_date"": ""2022-09-04""}","[""player_id"", ""name"", ""position"", ""team"", ""adp"", ""adp_formatted"", ""times_drafted"", ""high"", ""low"", ""stdev"", ""bye""]"
2023,ppr,https://fantasyfootballcalculator.com/api/v1/adp/ppr?teams=12&year=2023&position=all,200,True,202,,2026-09-29T20:10:51Z,"[""status"", ""meta"", ""players""]","{""type"": ""PPR"", ""teams"": 12, ""rounds"": 15, ""total_drafts"": 3146, ""start_date"": ""2023-08-30"", ""end_date"": ""2023-09-01""}","[""player_id"", ""name"", ""position"", ""team"", ""adp"", ""adp_formatted"", ""times_drafted"", ""high"", ""low"", ""stdev"", ""bye""]"
2023,standard,https://fantasyfootballcalculator.com/api/v1/adp/standard?teams=12&year=2023&position=all,200,True,192,,2026-09-29T20:10:52Z,"[""status"", ""meta"", ""players""]","{""type"": ""Non-PPR"", ""teams"": 12, ""rounds"": 15, ""total_drafts"": 1104, ""start_date"": ""2023-08-30"", ""end_date"": ""2023-09-01""}","[""player_id"", ""name"", ""position"", ""team"", ""adp"", ""adp_formatted"", ""times_drafted"", ""high"", ""low"", ""stdev"", ""bye""]"
2024,ppr,https://fantasyfootballcalculator.com/api/v1/adp/ppr?teams=12&year=2024&position=all,200,True,205,,2026-09-29T20:10:54Z,"[""status"", ""meta"", ""players""]","{""type"": ""PPR"", ""teams"": 12, ""rounds"": 15, ""total_drafts"": 1371, ""start_date"": ""2024-08-31"", ""end_date"": ""2024-09-01""}","[""player_id"", ""name"", ""position"", ""team"", ""adp"", ""adp_formatted"", ""times_drafted"", ""high"", ""low"", ""stdev"", ""bye""]"
2024,standard,https://fantasyfootballcalculator.com/api/v1/adp/standard?teams=12&year=2024&position=all,200,True,180,,2026-09-29T20:10:55Z,"[""status"", ""meta"", ""players""]","{""type"": ""Non-PPR"", ""teams"": 12, ""rounds"": 15, ""total_drafts"": 742, ""start_date"": ""2024-08-30"", ""end_date"": ""2024-09-01""}","[""player_id"", ""name"", ""position"", ""team"", ""adp"", ""adp_formatted"", ""times_drafted"", ""high"", ""low"", ""stdev"", ""bye""]"
2025,ppr,https://fantasyfootballcalculator.com/api/v1/adp/ppr?teams=12&year=2025&position=all,200,True,249,,2026-09-29T20:10:56Z,"[""status"", ""meta"", ""players""]","{""type"": ""PPR"", ""teams"": 12, ""rounds"": 15, ""total_drafts"": 8470, ""start_date"": ""2025-08-25"", ""end_date"": ""2025-09-01""}","[""player_id"", ""name"", ""position"", ""team"", ""adp"", ""adp_formatted"", ""times_drafted"", ""high"", ""low"", ""stdev"", ""bye""]"
2025,standard,https://fantasyfootballcalculator.com/api/v1/adp/standard?teams=12&year=2025&position=all,200,True,221,,2026-09-29T20:10:58Z,"[""status"", ""meta"", ""players""]","{""type"": ""Non-PPR"", ""teams"": 12, ""rounds"": 15, ""total_drafts"": 2017, ""start_date"": ""2025-08-25"", ""end_date"": ""2025-09-01""}","[""player_id"", ""name"", ""position"", ""team"", ""adp"", ""adp_formatted"", ""times_drafted"", ""high"", ""low"", ""stdev"", ""bye""]"
2026,ppr,https://fantasyfootballcalculator.com/api/v1/adp/ppr?teams=12&year=2026&position=all,200,True,29,,2026-09-29T20:10:59Z,"[""status"", ""meta"", ""players""]","{""type"": ""PPR"", ""teams"": 12, ""rounds"": 15, ""total_drafts"": 109, ""start_date"": ""2026-09-18"", ""end_date"": ""2026-09-25""}","[""player_id"", ""name"", ""position"", ""team"", ""adp"", ""adp_formatted"", ""times_drafted"", ""high"", ""low"", ""stdev"", ""bye""]"
2026,standard,https://fantasyfootballcalculator.com/api/v1/adp/standard?teams=12&year=2026&position=all,200,True,118,,2026-09-29T20:11:00Z,"[""status"", ""meta"", ""players""]","{""type"": ""Non-PPR"", ""teams"": 12, ""rounds"": 15, ""total_drafts"": 156, ""start_date"": ""2026-09-08"", ""end_date"": ""2026-09-15""}","[""player_id"", ""name"", ""position"", ""team"", ""adp"", ""adp_formatted"", ""times_drafted"", ""high"", ""low"", ""stdev"", ""bye""]"
