gsis_id,name,position,team,owner_name,is_starter,is_taxi,is_ir,sleeper_id,roster_fetched_at,age,years_exp,injury_status,nfl_status,draft_number,rookie_year,games,avg_opps,avg_targets,avg_carries,avg_snap_pct,avg_fpts,trend_opps,trend_snap,trend_season,baseline_source,trail_pts,season,week,source,pulled_at,proj_pass_att,proj_pass_yds,proj_pass_tds,proj_pass_int,proj_carries,proj_rush_yds,proj_rush_tds,proj_targets,proj_rec,proj_rec_yds,proj_rec_tds,proj_pts_ppr,proj_pts_half,proj_pts_std,proj_opps,proj_carry_share,proj_target_share,proj_pts_league,w_proj,E_opps,E_targets,E_carries,opponent,total_line,home,dvp_rank,mult,E_pts,pts_mix,depth_rank,prev_rank,confidence,conf,flag,why,peak_snap_3g,peak_opps_3g,role_games,role_opps,role_snap,ceiling_pts,median_pts
00-0034857,Josh Allen,QB,BUF,MeloRox1588,1,0,0,4984,2026-10-03T01:11:42Z,30.4,8,,ACT,7.0,2018,2.0,11.5,0.5,11.0,1.0,29.14,-5.0,-0.0,current,current season,31.313333333333333,2026,4,sleeper,2026-10-03T01:11:37Z,30.39,228.8,1.24,0.46,8.3,40.62,1.0,,,,,23.65,23.65,23.65,8.3,0.269,,23.25,0.5,9.9,0.2,9.6,NE,49.5,1,27.0,0.925,25.2,50% projection,1,1.0,0.72,High,,"9.9 exp opps (proj 8, recent 12) · QB1 · vs NE (DvP 27, -7%) · High confidence",1.0,9.667,19.0,7.4,0.982,39.2,23.2
00-0039150,Bryce Young,QB,CAR,Nativity scene,1,0,0,9228,2026-10-03T01:11:42Z,25.2,3,,ACT,1.0,2023,2.0,0.5,0.0,0.5,0.97,18.86,-1.0,0.06,current,current season,23.05333333333333,2026,4,sleeper,2026-10-03T01:11:37Z,34.04,228.86,1.59,0.55,4.21,24.22,0.26,,,,,18.77,18.77,18.77,4.21,0.198,,18.4,0.5,2.4,0.0,2.4,DET,50.5,1,1.0,1.12,23.2,50% projection,1,1.0,0.12,Low,,"2.4 exp opps (proj 4, recent 0) · QB1 · vs DET (DvP 1, +12%) · Low confidence",1.0,6.667,19.0,3.0,0.964,25.6,13.6
00-0037834,Brock Purdy,QB,SF,espn90036700,1,0,0,8183,2026-10-03T01:11:42Z,26.8,4,,ACT,262.0,2022,2.0,2.5,0.0,2.5,0.925,29.880000000000003,-1.0,0.15,current,current season,26.953333333333333,2026,4,sleeper,2026-10-03T01:11:37Z,33.02,247.03,1.86,0.74,4.08,21.56,0.23,,,,,20.09,20.09,20.09,4.08,0.147,,19.38,0.5,3.3,0.0,3.3,DEN,47.5,1,19.0,0.985,22.8,50% projection,1,1.0,0.61,Med,,"3.3 exp opps (proj 4, recent 2) · QB1 · vs DEN (DvP 19, -2%) · Med confidence",1.0,5.0,12.0,3.6,0.971,31.2,20.2
00-0040743,Tyler Shough,QB,NO,Craig McCloskey,1,0,0,12545,2026-10-03T01:11:42Z,27.0,1,,ACT,40.0,2025,2.0,5.0,0.0,5.0,1.0,23.09,-8.0,-0.0,current,current season,23.126666666666665,2026,4,sleeper,2026-10-03T01:11:37Z,36.01,260.34,1.67,1.14,4.66,19.99,0.16,,,,,18.7,18.7,18.7,4.66,0.178,,17.77,0.5,4.8,0.0,4.8,ATL,47.5,1,12.0,1.038,21.2,50% projection,1,1.0,0.93,High,,"4.8 exp opps (proj 5, recent 5) · QB1 · vs ATL (DvP 12, +4%) · High confidence",1.0,7.0,13.0,4.5,0.934,23.0,18.5
00-0033873,Patrick Mahomes,QB,KC,ESPNFAN8124537231,1,0,0,4046,2026-10-03T01:11:42Z,31.0,9,,ACT,10.0,2017,2.0,1.5,0.0,1.5,1.0,22.46,-1.0,-0.0,current,current season,22.19333333333333,2026,4,sleeper,2026-10-03T01:11:37Z,33.34,246.22,1.96,0.4,3.95,22.54,0.31,,,,,21.22,21.22,21.22,3.95,0.152,,21.0,0.5,2.7,0.0,2.7,LV,47.5,0,22.0,0.962,20.8,50% projection,1,1.0,0.38,Low,,"2.7 exp opps (proj 4, recent 2) · QB1 · vs LV (DvP 22, -4%) · Low confidence",1.0,6.667,17.0,4.4,0.979,29.2,22.1
00-0033077,Dak Prescott,QB,DAL,Peibsen,1,0,0,3294,2026-10-03T01:11:42Z,33.2,10,,ACT,135.0,2016,2.0,4.0,0.0,4.0,1.0,24.35,-0.0,-0.0,current,current season,21.033333333333335,2026,4,sleeper,2026-10-03T01:11:37Z,35.95,280.44,1.59,0.89,3.01,11.93,0.08,,,,,18.22,18.22,18.22,3.01,0.121,,17.47,0.5,3.5,0.0,3.5,HOU,48.5,0,7.0,1.075,20.7,50% projection,1,1.0,0.75,High,,"3.5 exp opps (proj 3, recent 4) · QB1 · vs HOU (DvP 7, +7%) · High confidence",1.0,5.0,20.0,3.2,0.958,28.4,19.9
00-0033106,Jared Goff,QB,DET,kmccloskey,1,0,0,3163,2026-10-03T01:11:42Z,32.0,10,,ACT,1.0,2016,2.0,3.5,0.0,3.5,1.0,24.57,1.0,-0.0,current,current season,21.86,2026,4,sleeper,2026-10-03T01:11:37Z,33.95,243.47,1.93,0.82,1.75,5.36,0.06,,,,,17.36,17.36,17.36,1.75,0.065,,16.71,0.5,2.6,0.0,2.6,CAR,50.5,0,10.0,1.052,20.3,50% projection,1,1.0,0.5,Med,,"2.6 exp opps (proj 2, recent 4) · QB1 · vs CAR (DvP 10, +5%) · Med confidence",1.0,3.0,20.0,1.4,0.988,26.8,17.0
00-0034796,Lamar Jackson,QB,BAL,Scarfmyteam,1,0,0,4881,2026-10-03T01:11:42Z,29.7,8,,ACT,32.0,2018,2.0,5.0,0.0,5.0,1.0,17.62,2.0,-0.0,current,current season,20.066666666666666,2026,4,sleeper,2026-10-03T01:11:37Z,24.82,235.97,1.31,0.32,9.24,53.98,0.34,,,,,21.71,21.71,21.71,9.24,0.265,,21.48,0.5,7.1,0.0,7.1,TEN,42.5,1,31.0,0.895,18.6,50% projection,1,1.0,0.54,Med,,"7.1 exp opps (proj 9, recent 5) · QB1 · vs TEN (DvP 31, -10%) · Med confidence",1.0,6.667,16.0,5.2,0.937,26.7,18.5
00-0036971,Trevor Lawrence,QB,JAX,ESPNFAN8124537231,0,0,0,7523,2026-10-03T01:11:42Z,27.0,5,,ACT,1.0,2021,2.0,3.0,0.0,3.0,0.975,12.97,2.0,-0.05,current,current season,17.346666666666668,2026,4,sleeper,2026-10-03T01:11:37Z,34.94,283.46,1.59,1.01,4.31,21.47,0.26,,,,,20.33,20.33,20.33,4.31,0.172,,19.39,0.5,3.7,0.0,3.7,CIN,51.5,0,15.0,1.015,18.6,50% projection,1,1.0,0.7,High,,"3.7 exp opps (proj 4, recent 3) · QB1 · vs CIN (DvP 15, +1%) · High confidence",1.0,6.667,20.0,4.5,0.964,26.7,19.3
00-0026498,Matthew Stafford,QB,LA,coroxbro10,1,0,0,421,2026-10-03T01:11:42Z,38.7,17,,ACT,1.0,2009,2.0,3.0,0.0,3.0,1.0,23.939999999999998,-2.0,-0.0,current,current season,17.326666666666668,2026,4,sleeper,2026-10-03T01:11:37Z,31.72,245.7,1.72,0.6,1.34,3.22,0.01,,,,,16.37,16.37,16.37,1.34,0.047,,15.89,0.5,2.2,0.0,2.2,PHI,42.5,0,6.0,1.082,18.0,50% projection,1,1.0,0.45,Med,,"2.2 exp opps (proj 1, recent 3) · QB1 · vs PHI (DvP 6, +8%) · Med confidence",1.0,3.333,20.0,1.8,0.98,27.4,21.9
00-0036389,Jalen Hurts,QB,PHI,kmccloskey,0,0,0,6904,2026-10-03T01:11:42Z,28.2,6,,ACT,53.0,2020,2.0,4.5,0.0,4.5,0.96,14.39,-1.0,-0.08,current,current season,17.833333333333332,2026,4,sleeper,2026-10-03T01:11:37Z,28.6,196.58,1.09,0.7,6.32,31.13,0.34,,,,,16.56,16.56,16.56,6.32,0.215,,15.98,0.5,5.4,0.0,5.4,LA,42.5,1,20.0,0.978,16.5,50% projection,1,1.0,0.71,High,,"5.4 exp opps (proj 6, recent 4) · QB1 · vs LA (DvP 20, -2%) · High confidence",1.0,10.667,19.0,6.4,0.976,26.1,19.4
00-0036442,Joe Burrow,QB,CIN,espn90036700,0,0,0,6770,2026-10-03T01:11:42Z,29.8,6,,ACT,1.0,2020,2.0,1.5,0.0,1.5,1.0,19.38,1.0,-0.0,current,current season,17.64,2026,4,sleeper,2026-10-03T01:11:37Z,36.56,268.09,1.93,0.92,3.48,13.41,0.11,,,,,19.33,19.33,19.33,3.48,0.148,,18.6,0.5,2.5,0.0,2.5,JAX,51.5,1,30.0,0.902,16.3,50% projection,1,1.0,0.43,Med,,"2.5 exp opps (proj 3, recent 2) · QB1 · vs JAX (DvP 30, -10%) · Med confidence",1.0,3.333,10.0,2.2,0.972,23.4,19.2
00-0036264,Jordan Love,QB,GB,corncuff,1,0,0,6804,2026-10-03T01:11:42Z,27.9,6,,ACT,26.0,2020,2.0,0.5,0.0,0.5,1.0,16.14,1.0,-0.0,current,current season,17.253333333333334,2026,4,sleeper,2026-10-03T01:11:37Z,32.93,249.87,1.63,0.72,3.18,13.28,0.07,,,,,17.38,17.38,17.38,3.18,0.122,,16.82,0.5,1.8,0.0,1.8,TB,39.5,0,24.0,0.948,16.2,50% projection,1,1.0,0.16,Low,,"1.8 exp opps (proj 3, recent 0) · QB1 · vs TB (DvP 24, -5%) · Low confidence",1.0,4.667,17.0,2.8,0.987,25.9,15.4
00-0035228,Kyler Murray,QB,MIN,Peibsen,0,0,0,5849,2026-10-03T01:11:42Z,29.2,7,,ACT,1.0,2019,1.0,2.0,0.0,2.0,1.0,10.42,0.0,0.0,current,current season,8.446666666666667,2026,4,sleeper,2026-10-03T01:11:37Z,28.33,204.94,1.39,0.54,5.71,31.14,0.28,,,,,17.85,17.85,17.85,5.71,0.189,,17.47,0.75,4.8,0.0,4.8,MIA,38.5,1,9.0,1.06,16.1,75% projection,1,1.0,0.35,Low,,"4.8 exp opps (proj 6, recent 2) · QB1 · vs MIA (DvP 9, +6%) · Low confidence",0.993,6.667,6.0,5.2,0.99,17.0,14.1
00-0039732,Bo Nix,QB,DEN,MeloRox1588,0,0,0,11563,2026-10-03T01:11:42Z,26.6,2,,ACT,12.0,2024,2.0,4.5,0.0,4.5,1.0,19.13,-1.0,-0.0,current,current season,14.566666666666668,2026,4,sleeper,2026-10-03T01:11:37Z,35.15,228.87,1.63,0.36,4.29,17.38,0.24,,,,,18.34,18.34,18.34,4.29,0.17,,18.13,0.5,4.4,0.0,4.4,SF,47.5,0,25.0,0.94,15.4,50% projection,1,1.0,0.95,High,,"4.4 exp opps (proj 4, recent 4) · QB1 · vs SF (DvP 25, -6%) · High confidence",1.0,7.0,20.0,4.8,0.997,26.1,16.2
00-0039851,Drake Maye,QB,NE,Nativity scene,0,0,0,11564,2026-10-03T01:11:42Z,24.1,2,,ACT,3.0,2024,2.0,4.0,0.0,4.0,0.905,5.89,-0.0,-0.19,current,current season,7.2,2026,4,sleeper,2026-10-03T01:11:37Z,31.75,222.15,1.21,0.71,5.72,36.01,0.24,,,,,17.91,17.91,17.91,5.72,0.23,,17.35,0.5,4.9,0.0,4.9,BUF,49.5,0,8.0,1.068,13.1,50% projection,1,1.0,0.7,High,,"4.9 exp opps (proj 6, recent 4) · QB1 · vs BUF (DvP 8, +7%) · High confidence",1.0,8.0,20.0,6.0,0.954,26.4,18.7
00-0036355,Justin Herbert,QB,LAC,Craig McCloskey,0,0,0,6797,2026-10-03T01:11:42Z,28.6,6,,ACT,6.0,2020,2.0,3.5,0.0,3.5,1.0,10.31,1.0,-0.0,current,current season,11.293333333333331,2026,4,sleeper,2026-10-03T01:11:37Z,31.51,206.06,1.21,0.9,4.03,15.27,0.11,,,,,14.19,14.19,14.19,4.03,0.164,,13.47,0.5,3.8,0.0,3.8,SEA,42.5,0,29.0,0.91,11.3,50% projection,1,1.0,0.87,High,,"3.8 exp opps (proj 4, recent 4) · QB1 · vs SEA (DvP 29, -9%) · High confidence",1.0,7.333,19.0,5.0,0.973,27.9,14.6
00-0040691,Jaxson Dart,QB,NYG,Scarfmyteam,0,0,1,12508,2026-10-03T01:11:42Z,23.4,1,IR,RES,25.0,2025,1.0,0.0,0.0,0.0,0.12,0.8,0.0,0.0,current,current season,15.933333333333332,2026,4,sleeper,2026-10-03T01:11:37Z,,,,,,,,,,,,,,,0.0,,,0.0,0.75,0.0,0.0,0.0,ARI,44.5,1,4.0,1.098,,75% projection,3,3.0,0.0,Low,IR,"0.0 exp opps (proj 0, recent 0) · QB3 · vs ARI (DvP 4, +10%) · Low confidence · IR",1.0,10.0,13.0,7.3,0.971,26.9,20.1
00-0039918,Caleb Williams,QB,CHI,Peibsen,0,0,0,11560,2026-10-03T01:11:42Z,24.9,2,Out,ACT,1.0,2024,1.0,5.0,0.0,5.0,0.86,7.72,0.0,0.0,current,current season,20.52,2026,4,sleeper,2026-10-03T01:11:37Z,,,,,,,,,,,,,,,0.0,,,0.0,0.75,1.2,0.0,1.2,NYJ,43.5,1,23.0,0.955,,75% projection,1,1.0,0.0,Low,OUT,"1.2 exp opps (proj 0, recent 5) · QB1 · vs NYJ (DvP 23, -5%) · Low confidence · OUT",1.0,6.333,19.0,4.9,0.984,30.7,19.0
00-0039910,Jayden Daniels,QB,WAS,corncuff,0,0,0,11566,2026-10-03T01:11:42Z,25.8,2,Out,ACT,2.0,2024,1.0,7.0,0.0,7.0,0.55,14.74,0.0,0.0,current,current season,11.706666666666665,2026,4,sleeper,2026-10-03T01:11:37Z,,,,,,,,,,,,,,,0.0,,,0.0,0.75,1.8,0.0,1.8,IND,47.5,1,5.0,1.09,,75% projection,1,1.0,0.0,Low,OUT,"1.8 exp opps (proj 0, recent 7) · QB1 · vs IND (DvP 5, +9%) · Low confidence · OUT",1.0,9.333,9.0,7.8,0.874,20.4,17.7
00-0039139,Jahmyr Gibbs,RB,DET,corncuff,1,0,0,9221,2026-10-03T01:11:42Z,24.5,3,,ACT,12.0,2023,2.0,26.0,8.0,18.0,0.76,32.35,4.0,-0.14,current,current season,32.766666666666666,2026,4,sleeper,2026-10-03T01:11:37Z,,,,,19.97,95.34,0.92,5.94,4.87,30.94,0.31,24.8,22.37,19.93,25.91,0.747,0.18,24.88,0.5,26.0,7.0,19.0,CAR,50.5,0,2.0,1.112,32.1,50% projection,1,1.0,1.0,High,,"26.0 exp opps (proj 26, recent 26) · RB1 · 75% of team carries · vs CAR (DvP 2, +11%) · High confidence",0.787,28.667,20.0,21.2,0.682,38.5,20.0
00-0038542,Bijan Robinson,RB,ATL,MeloRox1588,1,0,0,9509,2026-10-03T01:11:42Z,24.7,3,,ACT,8.0,2023,2.0,25.5,3.0,22.5,0.615,23.2,11.0,0.21,current,current season,25.899999999999995,2026,4,sleeper,2026-10-03T01:11:37Z,,,,,18.65,86.33,0.64,5.41,4.26,35.14,0.32,22.08,19.95,17.82,24.06,0.677,0.192,22.17,0.5,24.8,4.2,20.6,NO,47.5,0,7.0,1.075,25.8,50% projection,1,1.0,0.94,High,,"24.8 exp opps (proj 24, recent 26) · RB1 · 68% of team carries · vs NO (DvP 7, +7%) · High confidence",0.89,29.0,20.0,23.6,0.764,35.3,22.8
00-0032764,Derrick Henry,RB,BAL,espn90036700,1,0,0,3198,2026-10-03T01:11:42Z,32.7,10,,ACT,45.0,2016,2.0,23.0,2.0,21.0,0.6000000000000001,19.799999999999997,8.0,0.14,current,current season,24.966666666666665,2026,4,sleeper,2026-10-03T01:11:37Z,,,,,19.6,102.63,1.09,1.45,1.24,12.1,0.05,19.55,18.92,18.3,21.05,0.563,0.065,19.55,0.5,22.0,1.7,20.3,TEN,42.5,1,14.0,1.022,22.7,50% projection,1,1.0,0.92,High,,"22.0 exp opps (proj 21, recent 23) · RB1 · 56% of team carries · vs TEN (DvP 14, +2%) · High confidence",0.63,27.333,18.0,20.9,0.57,29.8,15.7
00-0038134,Kenneth Walker III,RB,KC,espn90036700,1,0,0,8151,2026-10-03T01:11:42Z,26.0,4,,ACT,41.0,2022,2.0,27.0,6.0,21.0,0.7749999999999999,22.55,-14.0,-0.09,current,current season,26.400000000000002,2026,4,sleeper,2026-10-03T01:11:37Z,,,,,16.84,80.16,0.44,5.0,4.06,32.31,0.33,19.84,17.81,15.78,21.84,0.648,0.155,19.93,0.5,24.4,5.5,18.9,LV,47.5,0,23.0,0.955,22.1,50% projection,1,1.0,0.81,High,,"24.4 exp opps (proj 22, recent 27) · RB1 · 65% of team carries · vs LV (DvP 23, -5%) · High confidence",0.743,27.667,18.0,17.5,0.528,24.0,11.2
00-0033280,Christian McCaffrey,RB,SF,Scarfmyteam,1,0,0,4034,2026-10-03T01:11:42Z,30.3,9,,ACT,8.0,2017,2.0,17.0,4.5,12.5,0.675,22.1,6.0,0.31,current,current season,19.333333333333332,2026,4,sleeper,2026-10-03T01:11:37Z,,,,,14.89,69.16,0.58,5.62,4.39,27.19,0.21,18.72,16.52,14.32,20.51,0.536,0.181,18.76,0.5,18.8,5.1,13.7,DEN,47.5,1,4.0,1.098,20.9,50% projection,1,1.0,0.83,High,,"18.8 exp opps (proj 21, recent 17) · RB1 · 54% of team carries · vs DEN (DvP 4, +10%) · High confidence",0.887,30.333,20.0,24.6,0.801,34.4,23.6
00-0036223,Jonathan Taylor,RB,IND,Peibsen,1,0,0,6813,2026-10-03T01:11:42Z,27.7,6,,ACT,41.0,2020,2.0,27.0,3.5,23.5,0.895,19.2,-2.0,-0.09,current,current season,21.166666666666668,2026,4,sleeper,2026-10-03T01:11:37Z,,,,,21.16,98.4,0.93,3.33,2.75,22.3,0.19,21.52,20.14,18.77,24.490000000000002,0.75,0.117,21.54,0.5,25.7,3.4,22.3,WAS,47.5,0,31.0,0.895,19.1,50% projection,1,1.0,0.91,High,,"25.7 exp opps (proj 24, recent 27) · RB1 · 75% of team carries · vs WAS (DvP 31, -10%) · High confidence",0.93,26.667,20.0,22.8,0.836,34.5,17.1
00-0036275,D'Andre Swift,RB,CHI,ESPNFAN8124537231,1,0,0,6790,2026-10-03T01:11:42Z,27.7,6,,ACT,35.0,2020,2.0,22.0,4.0,18.0,0.685,11.850000000000001,2.0,0.01,current,current season,18.7,2026,4,sleeper,2026-10-03T01:11:37Z,,,,,14.65,72.59,0.79,2.47,2.12,14.92,0.1,16.19,15.13,14.07,17.12,0.486,0.087,16.21,0.5,19.6,3.2,16.3,NYJ,43.5,1,10.0,1.052,18.4,50% projection,1,1.0,0.78,High,,"19.6 exp opps (proj 17, recent 22) · RB1 · 49% of team carries · vs NYJ (DvP 10, +5%) · High confidence",0.663,21.0,19.0,17.6,0.589,23.2,13.9
00-0037248,James Cook,RB,BUF,coroxbro10,1,0,0,8138,2026-10-03T01:11:42Z,27.0,4,,ACT,63.0,2022,2.0,24.5,2.0,22.5,0.7050000000000001,20.15,1.0,-0.07,current,current season,16.73333333333333,2026,4,sleeper,2026-10-03T01:11:37Z,,,,,17.25,94.42,0.72,2.45,1.75,11.64,0.13,17.43,16.55,15.68,19.7,0.56,0.084,17.46,0.5,22.1,2.2,19.9,NE,49.5,1,13.0,1.03,17.6,50% projection,1,1.0,0.8,High,,"22.1 exp opps (proj 20, recent 24) · RB1 · 56% of team carries · vs NE (DvP 13, +3%) · High confidence",0.71,26.667,19.0,21.7,0.622,27.0,19.9
00-0036555,Chuba Hubbard,RB,CAR,MeloRox1588,1,0,0,7594,2026-10-03T01:11:42Z,27.3,5,,ACT,126.0,2021,2.0,18.5,3.0,15.5,0.745,14.7,9.0,0.19,current,current season,17.7,2026,4,sleeper,2026-10-03T01:11:37Z,,,,,12.76,65.43,0.44,3.74,3.37,22.1,0.25,16.22,14.54,12.86,16.5,0.599,0.114,16.26,0.5,17.5,3.4,14.1,DET,50.5,1,17.0,1.0,17.0,50% projection,1,1.0,0.89,High,,"17.5 exp opps (proj 16, recent 18) · RB1 · 60% of team carries · vs DET (DvP 17, +0%) · High confidence",0.733,19.0,13.0,14.8,0.594,19.2,8.9
00-0040122,Ashton Jeanty,RB,LV,corncuff,1,0,0,12527,2026-10-03T01:11:42Z,22.8,1,,ACT,6.0,2025,2.0,25.0,5.0,20.0,0.825,11.3,-6.0,0.03,current,current season,18.433333333333334,2026,4,sleeper,2026-10-03T01:11:37Z,,,,,18.11,64.72,0.29,4.5,3.55,20.05,0.31,15.53,13.76,11.98,22.61,0.702,0.154,15.63,0.5,23.8,4.8,19.1,KC,47.5,1,19.0,0.985,16.8,50% projection,1,1.0,0.9,High,,"23.8 exp opps (proj 23, recent 25) · RB1 · 70% of team carries · vs KC (DvP 19, -2%) · High confidence",0.903,29.333,20.0,20.9,0.782,31.9,12.2
00-0039361,Bucky Irving,RB,TB,Peibsen,1,0,0,11584,2026-10-03T01:11:42Z,24.1,2,,ACT,125.0,2024,2.0,20.0,4.0,16.0,0.65,10.4,-2.0,-0.26,current,current season,13.700000000000001,2026,4,sleeper,2026-10-03T01:11:37Z,,,,,17.89,68.09,0.34,3.39,2.91,19.14,0.11,14.24,12.78,11.32,21.28,0.601,0.128,14.33,0.5,20.6,3.7,16.9,GB,39.5,1,1.0,1.12,15.7,50% projection,1,1.0,0.94,High,,"20.6 exp opps (proj 21, recent 20) · RB1 · 60% of team carries · vs GB (DvP 1, +12%) · High confidence",0.737,24.0,13.0,20.2,0.621,19.9,13.9
00-0041027,Jeremiyah Love,RB,ARI,corncuff,1,0,0,13287,2026-10-03T01:11:42Z,21.3,0,,ACT,3.0,2026,2.0,19.0,4.0,15.0,0.52,14.7,14.0,0.24,current,current season,14.133333333333333,2026,4,sleeper,2026-10-03T01:11:37Z,,,,,15.83,70.26,0.58,3.31,2.73,16.24,0.18,15.87,14.51,13.14,19.14,0.601,0.104,15.94,0.5,19.1,3.7,15.4,NYG,44.5,0,12.0,1.038,15.6,50% projection,1,1.0,0.99,High,,"19.1 exp opps (proj 19, recent 19) · RB1 · 60% of team carries · vs NYG (DvP 12, +4%) · High confidence",0.49,17.667,3.0,17.7,0.49,20.1,13.0
00-0035685,David Montgomery,RB,HOU,Scarfmyteam,1,0,0,5892,2026-10-03T01:11:42Z,29.3,7,,ACT,73.0,2019,2.0,10.5,2.0,8.5,0.575,5.6,5.0,0.11,current,current season,13.366666666666667,2026,4,sleeper,2026-10-03T01:11:37Z,,,,,14.27,57.23,0.76,2.24,2.12,16.94,0.15,14.97,13.91,12.85,16.509999999999998,0.512,0.073,15.0,0.5,13.5,2.1,11.4,DAL,48.5,1,8.0,1.068,15.1,50% projection,1,1.0,0.64,Med,,"13.5 exp opps (proj 17, recent 10) · RB1 · 51% of team carries · vs DAL (DvP 8, +7%) · Med confidence",0.547,15.667,7.0,14.9,0.51,19.3,8.2
00-0033293,Aaron Jones,RB,MIN,Nativity scene,1,0,0,4199,2026-10-03T01:11:42Z,31.8,9,,ACT,182.0,2017,2.0,23.0,3.0,20.0,0.805,12.35,-0.0,-0.01,current,current season,11.566666666666668,2026,4,sleeper,2026-10-03T01:11:37Z,,,,,17.46,66.58,0.51,3.03,2.66,18.37,0.15,15.06,13.73,12.4,20.490000000000002,0.578,0.114,15.12,0.5,21.7,3.0,18.7,MIA,38.5,1,3.0,1.105,14.7,50% projection,1,1.0,0.89,High,,"21.7 exp opps (proj 20, recent 23) · RB1 · 58% of team carries · vs MIA (DvP 3, +10%) · High confidence",0.69,20.333,14.0,15.9,0.594,15.5,10.5
00-0037840,Kyren Williams,RB,LA,kmccloskey,1,0,0,8150,2026-10-03T01:11:42Z,26.1,4,,ACT,164.0,2022,2.0,18.0,4.5,13.5,0.63,18.75,8.0,0.16,current,current season,17.666666666666668,2026,4,sleeper,2026-10-03T01:11:37Z,,,,,15.65,67.38,0.48,2.48,1.95,13.77,0.11,13.58,12.61,11.63,18.13,0.551,0.082,13.6,0.5,18.1,3.5,14.6,PHI,42.5,0,25.0,0.94,14.7,50% projection,1,1.0,0.99,High,,"18.1 exp opps (proj 18, recent 18) · RB1 · 55% of team carries · vs PHI (DvP 25, -6%) · High confidence",0.783,21.333,20.0,18.0,0.676,21.9,15.8
00-0037228,Jaylen Warren,RB,PIT,espn90036700,1,0,0,8228,2026-10-03T01:11:42Z,27.9,4,,ACT,,2022,3.0,19.666666666666668,4.666666666666667,15.0,0.86,15.299999999999999,4.0,0.13,current,current season,13.533333333333333,2026,4,sleeper,2026-10-03T01:11:37Z,,,,,17.6,95.78,0.49,3.83,3.36,22.85,0.09,18.58,16.91,15.23,21.43,0.773,0.134,18.7,0.4,20.4,4.3,16.0,CLE,38.5,0,26.0,0.932,14.5,40% projection,1,1.0,0.92,High,,"20.4 exp opps (proj 21, recent 20) · RB1 · 77% of team carries · vs CLE (DvP 26, -7%) · High confidence",0.86,19.667,16.0,17.0,0.608,19.9,12.9
00-0038597,Chase Brown,RB,CIN,ESPNFAN8124537231,1,0,0,9224,2026-10-03T01:11:42Z,26.5,3,,ACT,163.0,2023,2.0,20.0,3.5,16.5,0.7,10.05,-10.0,-0.0,current,current season,12.966666666666667,2026,4,sleeper,2026-10-03T01:11:37Z,,,,,14.43,62.39,0.52,4.53,3.93,20.89,0.32,17.26,15.3,13.33,18.96,0.614,0.128,17.3,0.5,19.5,4.0,15.5,JAX,51.5,1,24.0,0.948,14.3,50% projection,1,1.0,0.95,High,,"19.5 exp opps (proj 19, recent 20) · RB1 · 61% of team carries · vs JAX (DvP 24, -5%) · High confidence",0.89,24.667,20.0,19.1,0.672,25.9,15.5
00-0036997,Javonte Williams,RB,DAL,ESPNFAN8124537231,0,0,0,7588,2026-10-03T01:11:42Z,26.4,5,,ACT,35.0,2021,2.0,19.0,3.5,15.5,0.78,13.15,6.0,-0.04,current,current season,16.833333333333332,2026,4,sleeper,2026-10-03T01:11:37Z,,,,,16.61,60.55,0.66,3.24,2.59,15.16,0.14,14.91,13.62,12.32,19.85,0.668,0.093,14.96,0.5,19.4,3.4,16.1,HOU,48.5,0,32.0,0.888,14.1,50% projection,1,1.0,0.96,High,,"19.4 exp opps (proj 20, recent 19) · RB1 · 67% of team carries · vs HOU (DvP 32, -11%) · High confidence",0.81,22.0,17.0,19.3,0.75,24.4,15.1
00-0040719,Bhayshul Tuten,RB,JAX,Craig McCloskey,1,0,0,12490,2026-10-03T01:11:42Z,24.6,1,,ACT,104.0,2025,2.0,16.0,2.0,14.0,0.495,15.6,2.0,-0.03,current,current season,13.666666666666666,2026,4,sleeper,2026-10-03T01:11:37Z,,,,,11.58,57.42,0.46,2.31,1.76,16.17,0.13,12.67,11.79,10.91,13.89,0.463,0.069,12.66,0.5,14.9,2.2,12.8,CIN,51.5,0,20.0,0.978,12.9,50% projection,1,1.0,0.87,High,,"14.9 exp opps (proj 14, recent 16) · RB1 · 46% of team carries · vs CIN (DvP 20, -2%) · High confidence",0.493,16.0,3.0,16.0,0.493,14.6,8.2
00-0040715,Cam Skattebo,RB,NYG,coroxbro10,1,0,0,12481,2026-10-03T01:11:42Z,24.7,1,,ACT,105.0,2025,2.0,20.0,4.0,16.0,0.6799999999999999,11.25,8.0,0.18,current,current season,12.200000000000001,2026,4,sleeper,2026-10-03T01:11:37Z,,,,,18.03,79.47,0.43,2.69,2.04,18.73,0.16,15.36,14.34,13.32,20.720000000000002,0.603,0.096,15.4,0.5,20.4,3.3,17.0,ARI,44.5,1,27.0,0.925,12.8,50% projection,1,1.0,0.97,High,,"20.4 exp opps (proj 21, recent 20) · RB1 · 60% of team carries · vs ARI (DvP 27, -7%) · High confidence",0.713,23.333,9.0,20.2,0.647,24.1,13.9
00-0040242,Jacory Croskey-Merritt,RB,WAS,kmccloskey,0,0,0,12533,2026-10-03T01:11:42Z,25.5,1,,ACT,245.0,2025,2.0,16.5,1.0,15.5,0.47,5.55,7.0,0.2,current,current season,7.8999999999999995,2026,4,sleeper,2026-10-03T01:11:37Z,,,,,14.43,59.71,0.78,1.65,1.38,10.68,0.05,13.36,12.68,11.99,16.08,0.497,0.059,13.4,0.5,16.3,1.3,15.0,IND,47.5,1,5.0,1.09,11.6,50% projection,1,1.0,0.97,High,,"16.3 exp opps (proj 16, recent 16) · RB1 · 50% of team carries · vs IND (DvP 5, +9%) · High confidence",0.573,16.667,11.0,14.4,0.519,16.3,5.5
00-0040734,TreVeyon Henderson,RB,NE,MeloRox1588,0,0,0,12529,2026-10-03T01:11:42Z,23.9,1,,ACT,38.0,2025,2.0,12.5,0.5,12.0,0.485,8.75,-7.0,-0.23,current,current season,11.6,2026,4,sleeper,2026-10-03T01:11:37Z,,,,,8.61,45.86,0.41,1.72,1.33,9.3,0.05,9.62,8.96,8.29,10.33,0.347,0.056,9.61,0.5,11.4,1.1,10.3,BUF,49.5,0,6.0,1.082,11.5,50% projection,2,2.0,0.66,Med,,"11.4 exp opps (proj 10, recent 12) · RB2 · 35% of team carries · vs BUF (DvP 6, +8%) · Med confidence",0.823,20.333,11.0,16.7,0.598,28.4,11.1
00-0036875,Rhamondre Stevenson,RB,NE,Nativity scene,1,0,0,7611,2026-10-03T01:11:42Z,28.6,5,,ACT,120.0,2021,2.0,9.0,2.5,6.5,0.44,5.2,2.0,0.16,current,current season,8.299999999999999,2026,4,sleeper,2026-10-03T01:11:37Z,,,,,9.2,49.36,0.42,2.92,2.48,19.52,0.14,12.69,11.45,10.2,12.12,0.371,0.096,12.73,0.5,10.6,2.7,7.8,BUF,49.5,0,6.0,1.082,11.4,50% projection,1,1.0,0.74,High,,"10.6 exp opps (proj 12, recent 9) · RB1 · 37% of team carries · vs BUF (DvP 6, +8%) · High confidence",0.737,16.667,14.0,13.3,0.644,23.6,10.7
00-0040730,RJ Harvey,RB,DEN,Craig McCloskey,0,0,0,12489,2026-10-03T01:11:42Z,25.7,1,,ACT,60.0,2025,1.0,9.0,7.0,2.0,0.36,10.7,0.0,0.0,current,current season,7.7,2026,4,sleeper,2026-10-03T01:11:37Z,,,,,8.34,28.79,0.32,3.63,2.98,22.01,0.19,11.12,9.63,8.14,11.969999999999999,0.33,0.11,11.12,0.75,11.2,4.5,6.8,SF,47.5,0,11.0,1.045,10.7,75% projection,2,2.0,0.6,Med,,"11.2 exp opps (proj 12, recent 9) · RB2 · 33% of team carries · vs SF (DvP 11, +4%) · Med confidence",0.65,20.0,9.0,16.8,0.573,22.0,8.1
00-0034844,Saquon Barkley,RB,PHI,Craig McCloskey,1,0,0,4866,2026-10-03T01:11:42Z,29.6,8,,ACT,2.0,2018,2.0,11.5,2.0,9.5,0.44,6.0,11.0,0.56,current,current season,7.0,2026,4,sleeper,2026-10-03T01:11:37Z,,,,,17.75,83.96,0.43,2.83,1.9,12.62,0.1,14.65,13.7,12.75,20.58,0.605,0.102,14.74,0.5,16.0,2.4,13.6,LA,42.5,1,22.0,0.962,10.5,50% projection,1,1.0,0.56,Med,,"16.0 exp opps (proj 21, recent 12) · RB1 · 60% of team carries · vs LA (DvP 22, -4%) · Med confidence",0.87,24.0,18.0,20.2,0.776,19.0,12.4
00-0040784,Quinshon Judkins,RB,CLE,coroxbro10,0,0,0,12512,2026-10-03T01:11:42Z,22.9,1,,ACT,36.0,2025,3.0,20.333333333333332,4.666666666666667,15.666666666666666,0.6133333333333334,13.766666666666667,3.5,-0.005,current,current season,8.9,2026,4,sleeper,2026-10-03T01:11:37Z,,,,,16.47,51.29,0.31,2.36,2.11,13.03,0.08,10.81,9.76,8.7,18.83,0.594,0.086,10.88,0.4,19.7,3.7,16.0,PIT,38.5,1,9.0,1.06,10.3,40% projection,1,1.0,0.93,High,,"19.7 exp opps (proj 19, recent 20) · RB1 · 59% of team carries · vs PIT (DvP 9, +6%) · High confidence",0.613,23.333,15.0,20.1,0.571,21.5,10.1
00-0040236,Kyle Monangai,RB,CHI,Nativity scene,0,0,0,12534,2026-10-03T01:11:42Z,24.3,1,,ACT,233.0,2025,2.0,11.0,1.0,10.0,0.325,5.45,-2.0,-0.03,current,current season,10.433333333333332,2026,4,sleeper,2026-10-03T01:11:37Z,,,,,9.59,49.53,0.15,1.45,1.09,8.92,0.06,8.14,7.6,7.05,11.04,0.318,0.051,8.2,0.5,11.0,1.2,9.8,NYJ,43.5,1,10.0,1.052,9.8,50% projection,2,2.0,0.8,High,,"11.0 exp opps (proj 11, recent 11) · RB2 · 32% of team carries · vs NYJ (DvP 10, +5%) · High confidence",0.55,18.0,12.0,14.3,0.466,19.1,7.8
00-0040666,Omarion Hampton,RB,LAC,kmccloskey,1,0,0,12507,2026-10-03T01:11:42Z,23.6,1,,ACT,22.0,2025,2.0,20.5,1.5,19.0,0.525,11.55,-9.0,-0.21,current,current season,10.466666666666667,2026,4,sleeper,2026-10-03T01:11:37Z,,,,,13.4,42.24,0.41,2.84,2.46,11.97,0.08,10.8,9.57,8.34,16.240000000000002,0.544,0.093,10.82,0.5,18.4,2.2,16.2,SEA,42.5,0,28.0,0.918,9.8,50% projection,1,1.0,0.79,High,,"18.4 exp opps (proj 16, recent 20) · RB1 · 54% of team carries · vs SEA (DvP 28, -8%) · High confidence",0.767,20.333,10.0,18.1,0.667,24.4,13.8
00-0039794,Braelon Allen,RB,NYJ,MeloRox1588,1,0,0,11576,2026-10-03T01:11:42Z,22.7,2,,ACT,134.0,2024,2.0,6.5,2.0,4.5,0.41500000000000004,6.6,1.0,0.21,current,current season,5.733333333333333,2026,4,sleeper,2026-10-03T01:11:37Z,,,,,14.65,62.19,0.52,2.13,1.76,13.5,0.07,12.78,11.91,11.03,16.78,0.589,0.07,12.87,0.5,11.6,2.1,9.6,CHI,43.5,0,18.0,0.992,9.2,50% projection,2,2.0,0.31,Low,,"11.6 exp opps (proj 17, recent 6) · RB2 · 59% of team carries · vs CHI (DvP 18, -1%) · Low confidence",0.41,8.0,2.0,9.0,0.46,7.5,4.7
00-0035261,Tony Pollard,RB,TEN,kmccloskey,0,0,0,5967,2026-10-03T01:11:42Z,29.4,7,,ACT,128.0,2019,2.0,18.0,2.5,15.5,0.54,10.55,6.0,-0.02,current,current season,8.5,2026,4,sleeper,2026-10-03T01:11:37Z,,,,,12.1,51.34,0.25,2.02,1.71,10.37,0.03,9.48,8.63,7.77,14.12,0.52,0.066,9.56,0.5,16.1,2.3,13.8,BAL,42.5,0,15.0,1.015,9.2,50% projection,1,1.0,0.78,High,,"16.1 exp opps (proj 14, recent 18) · RB1 · 52% of team carries · vs BAL (DvP 15, +1%) · High confidence",0.897,20.667,20.0,16.4,0.611,15.1,9.3
00-0040583,Woody Marks,RB,HOU,Scarfmyteam,0,0,0,12474,2026-10-03T01:11:42Z,25.8,1,,ACT,116.0,2025,2.0,10.0,3.5,6.5,0.425,8.8,-8.0,-0.11,current,current season,7.533333333333334,2026,4,sleeper,2026-10-03T01:11:37Z,,,,,9.99,42.17,0.19,1.95,1.59,12.11,0.1,8.68,7.88,7.08,11.94,0.358,0.064,8.76,0.5,11.0,2.7,8.2,DAL,48.5,1,8.0,1.068,8.7,50% projection,2,2.0,0.67,Med,,"11.0 exp opps (proj 12, recent 10) · RB2 · 36% of team carries · vs DAL (DvP 8, +7%) · Med confidence",0.717,22.0,14.0,16.6,0.589,15.7,7.7
00-0033906,Alvin Kamara,RB,NO,MeloRox1588,0,0,0,4035,2026-10-03T01:11:42Z,31.2,9,,ACT,67.0,2017,2.0,12.5,3.5,9.0,0.305,6.15,-5.0,0.03,current,current season,5.266666666666667,2026,4,sleeper,2026-10-03T01:11:37Z,,,,,10.1,39.26,0.27,2.88,2.46,13.56,0.11,9.97,8.74,7.51,12.98,0.386,0.083,10.02,0.5,12.7,3.2,9.6,ATL,47.5,1,29.0,0.91,7.0,50% projection,1,2.0,0.96,High,,"12.7 exp opps (proj 13, recent 12) · RB1 · 39% of team carries · vs ATL (DvP 29, -9%) · High confidence",0.797,22.333,10.0,16.5,0.687,14.3,7.2
00-0040198,Ollie Gordon II,RB,MIA,Craig McCloskey,0,0,0,12495,2026-10-03T01:11:42Z,22.7,1,,ACT,179.0,2025,2.0,11.5,1.5,10.0,0.515,7.6,17.0,0.65,current,current season,5.766666666666667,2026,4,sleeper,2026-10-03T01:11:37Z,,,,,12.29,39.17,0.29,1.98,1.56,10.03,0.07,8.55,7.77,6.99,14.27,0.517,0.075,8.64,0.5,12.9,1.7,11.1,MIN,38.5,0,30.0,0.902,6.5,50% projection,2,2.0,0.64,Med,,"12.9 exp opps (proj 14, recent 12) · RB2 · 52% of team carries · vs MIN (DvP 30, -10%) · Med confidence",0.463,11.0,1.0,20.0,0.84,11.1,1.3
00-0036158,J.K. Dobbins,RB,DEN,coroxbro10,0,0,0,6806,2026-10-03T01:11:42Z,27.8,6,,ACT,55.0,2020,2.0,14.5,1.0,13.5,0.41500000000000004,4.95,9.0,0.15,current,current season,4.5,2026,4,sleeper,2026-10-03T01:11:37Z,,,,,10.67,44.18,0.22,1.41,1.16,6.14,0.06,7.78,7.2,6.62,12.08,0.422,0.043,7.87,0.5,13.3,1.2,12.1,SF,47.5,0,11.0,1.045,6.5,50% projection,1,1.0,0.83,High,,"13.3 exp opps (proj 12, recent 14) · RB1 · 42% of team carries · vs SF (DvP 11, +4%) · High confidence",0.55,17.667,12.0,16.2,0.502,15.4,9.4
00-0039738,Blake Corum,RB,LA,espn90036700,0,0,0,11586,2026-10-03T01:11:42Z,25.9,2,,ACT,83.0,2024,2.0,11.5,2.5,9.0,0.37,6.85,-3.0,-0.16,current,current season,6.366666666666667,2026,4,sleeper,2026-10-03T01:11:37Z,,,,,10.77,45.2,0.21,0.96,0.66,4.64,0.03,7.08,6.75,6.42,11.73,0.379,0.032,7.08,0.5,11.6,1.7,9.9,PHI,42.5,0,25.0,0.94,6.3,50% projection,2,2.0,0.78,High,,"11.6 exp opps (proj 12, recent 12) · RB2 · 38% of team carries · vs PHI (DvP 25, -6%) · High confidence",0.367,13.333,2.0,12.0,0.455,13.2,5.3
00-0036919,Kenny Gainwell,RB,TB,Craig McCloskey,0,0,0,7567,2026-10-03T01:11:42Z,27.6,5,,ACT,150.0,2021,2.0,7.0,4.5,2.5,0.405,3.75,2.0,0.11,current,current season,3.4333333333333336,2026,4,sleeper,2026-10-03T01:11:37Z,,,,,6.24,26.93,0.22,2.16,1.74,13.17,0.08,7.49,6.62,5.75,8.4,0.21,0.081,7.55,0.5,7.7,3.3,4.4,GB,39.5,1,1.0,1.12,6.2,50% projection,2,2.0,0.67,Med,,"7.7 exp opps (proj 8, recent 7) · RB2 · 21% of team carries · vs GB (DvP 1, +12%) · Med confidence",0.63,15.667,14.0,12.6,0.544,24.4,7.1
00-0041052,Kaelon Black,RB,SF,Nativity scene,0,0,0,13414,2026-10-03T01:11:42Z,25.0,0,,ACT,90.0,2026,2.0,6.0,0.5,5.5,0.24,2.1,-2.0,-0.18,current,current season,4.066666666666666,2026,4,sleeper,2026-10-03T01:11:37Z,,,,,6.89,29.53,0.15,1.02,0.77,5.52,0.03,5.36,4.97,4.58,7.91,0.248,0.033,5.36,0.5,7.0,0.8,6.2,DEN,47.5,1,4.0,1.098,5.2,50% projection,2,2.0,0.61,Med,,"7.0 exp opps (proj 8, recent 6) · RB2 · 25% of team carries · vs DEN (DvP 4, +10%) · Med confidence",0.303,9.0,1.0,15.0,0.43,6.9,2.5
00-0035700,Josh Jacobs,RB,GB,coroxbro10,0,0,0,5850,2026-10-03T01:11:42Z,28.6,7,NA,EXE,24.0,2019,0.0,18.533333333333335,2.933333333333333,15.6,0.5906666666666667,15.806666666666667,-0.860714,-0.028607,prior,prior season only,9.766666666666667,2026,4,sleeper,2026-10-03T01:11:37Z,,,,,,,,,,,,,,,0.0,,,0.0,1.0,0.0,0.0,0.0,TB,39.5,0,21.0,0.97,0.0,projection only,4,4.0,0.0,Low,,"0.0 exp opps (proj 0, recent 19) · RB4 · vs TB (DvP 21, -3%) · Low confidence",0.773,24.667,12.0,20.9,0.664,28.3,14.4
00-0039344,Jonathon Brooks,RB,CAR,MeloRox1588,0,0,1,11583,2026-10-03T01:11:42Z,23.2,2,IR,RES,46.0,2024,1.0,6.0,1.0,5.0,0.3,2.1,0.0,0.0,current,current season,4.65,2026,4,sleeper,2026-10-03T01:11:37Z,,,,,,,,,,,,,,,0.0,,,0.0,0.75,1.5,0.2,1.2,DET,50.5,1,17.0,1.0,,75% projection,5,5.0,0.0,Low,IR,"1.5 exp opps (proj 0, recent 6) · RB5 · vs DET (DvP 17, +0%) · Low confidence · IR",0.245,6.0,0.0,,,6.7,4.7
00-0041512,Jadarian Price,RB,SEA,ESPNFAN8124537231,0,0,0,13286,2026-10-03T01:11:42Z,23.0,0,Out,ACT,32.0,2026,2.0,11.5,2.5,9.0,0.31000000000000005,3.1,-7.0,-0.06,current,current season,4.666666666666667,2026,4,sleeper,2026-10-03T01:11:37Z,,,,,,,,,,,,,,,0.0,,,0.0,0.5,5.8,1.2,4.5,LAC,42.5,1,16.0,1.008,,50% projection,1,1.0,0.0,Low,OUT,"5.8 exp opps (proj 0, recent 12) · RB1 · vs LAC (DvP 16, +1%) · Low confidence · OUT",0.367,11.667,1.0,12.0,0.48,7.2,5.0
00-0036973,Travis Etienne,RB,NO,Peibsen,0,0,0,7543,2026-10-03T01:11:42Z,27.7,5,IR,RES,25.0,2021,2.0,12.5,2.0,10.5,0.46,8.05,5.0,-0.16,current,current season,10.299999999999999,2026,4,sleeper,2026-10-03T01:11:37Z,,,,,,,,,,,,,,,0.0,,,0.0,0.5,6.2,1.0,5.2,ATL,47.5,1,29.0,0.91,,50% projection,4,1.0,0.0,Low,IR,"6.2 exp opps (proj 0, recent 12) · RB4 · vs ATL (DvP 29, -9%) · Low confidence · IR",0.677,22.667,19.0,17.9,0.597,20.7,15.2
00-0037525,Jordan Mason,RB,MIN,Peibsen,0,0,0,8408,2026-10-03T01:11:42Z,27.4,4,IR,RES,,2022,0.0,10.9375,1.0,9.9375,0.4275,8.05625,-0.577941,-0.030176,prior,prior season only,7.8,2026,4,sleeper,2026-10-03T01:11:37Z,,,,,,,,,,,,,,,0.0,,,0.0,1.0,0.0,0.0,0.0,MIA,38.5,1,3.0,1.105,,projection only,4,4.0,0.0,Low,IR,"0.0 exp opps (proj 0, recent 11) · RB4 · vs MIA (DvP 3, +10%) · Low confidence · IR",0.683,17.333,9.0,15.0,0.582,12.2,8.5
00-0037256,Rachaad White,RB,WAS,corncuff,0,0,0,8136,2026-10-03T01:11:42Z,27.7,4,Out,ACT,91.0,2022,2.0,11.0,3.5,7.5,0.475,12.7,-4.0,-0.09,current,current season,10.033333333333333,2026,4,sleeper,2026-10-03T01:11:37Z,,,,,,,,,,,,,,,0.0,,,0.0,0.5,5.5,1.8,3.8,IND,47.5,1,5.0,1.09,,50% projection,2,2.0,0.0,Low,OUT,"5.5 exp opps (proj 0, recent 11) · RB2 · vs IND (DvP 5, +9%) · Low confidence · OUT",0.823,18.0,14.0,11.9,0.579,14.9,8.1
00-0038120,Breece Hall,RB,NYJ,Nativity scene,0,0,0,8155,2026-10-03T01:11:42Z,25.3,4,Out,ACT,36.0,2022,2.0,18.5,4.0,14.5,0.565,11.35,-5.0,-0.17,current,current season,14.166666666666666,2026,4,sleeper,2026-10-03T01:11:37Z,,,,,,,,,,,,,,,0.0,,,0.0,0.5,9.2,2.0,7.2,CHI,43.5,0,18.0,0.992,,50% projection,1,1.0,0.0,Low,OUT,"9.2 exp opps (proj 0, recent 18) · RB1 · vs CHI (DvP 18, -1%) · Low confidence · OUT",0.783,20.667,19.0,18.5,0.632,20.0,13.9
00-0039165,Zach Charbonnet,RB,SEA,Nativity scene,0,0,1,9753,2026-10-03T01:11:42Z,25.7,3,PUP,RES,52.0,2023,0.0,13.0,1.5,11.5,0.48375,11.3375,0.205882,-0.002206,prior,prior season only,20.766666666666666,2026,4,sleeper,2026-10-03T01:11:37Z,,,,,,,,,,,,,,,0.0,,,0.0,1.0,0.0,0.0,0.0,LAC,42.5,1,16.0,1.008,,projection only,4,4.0,0.0,Low,PUP,"0.0 exp opps (proj 0, recent 13) · RB4 · vs LAC (DvP 16, +1%) · Low confidence · PUP",0.557,18.0,12.0,13.8,0.527,19.1,10.9
00-0037744,Trey McBride,TE,ARI,MeloRox1588,1,0,0,8130,2026-10-03T01:11:42Z,26.9,4,,ACT,55.0,2022,2.0,10.5,10.5,0.0,0.895,17.3,1.0,0.03,current,current season,19.7,2026,4,sleeper,2026-10-03T01:11:37Z,,,,,0.13,0.59,0.01,9.04,7.29,63.45,0.63,17.56,13.91,10.26,9.17,0.005,0.285,17.53,0.5,9.8,9.8,0.1,NYG,44.5,0,17.0,1.0,18.6,50% projection,1,1.0,0.87,High,,"9.8 exp opps (proj 9, recent 10) · TE1 · 28% of team targets · vs NYG (DvP 17, +0%) · High confidence",0.957,11.667,20.0,10.2,0.906,27.9,16.7
00-0039338,Brock Bowers,TE,LV,kmccloskey,1,0,0,11604,2026-10-03T01:11:42Z,23.8,2,,ACT,13.0,2024,1.0,13.0,13.0,0.0,0.79,27.6,0.0,0.0,current,current season,16.900000000000002,2026,4,sleeper,2026-10-03T01:11:37Z,,,,,0.25,0.87,0.01,7.91,6.27,56.63,0.54,15.34,12.2,9.07,8.16,0.01,0.271,15.32,0.75,9.4,9.2,0.2,KC,47.5,1,14.0,1.022,16.1,75% projection,1,1.0,0.63,Med,,"9.4 exp opps (proj 8, recent 13) · TE1 · 27% of team targets · vs KC (DvP 14, +2%) · Med confidence",0.98,10.0,13.0,7.8,0.854,26.5,14.2
00-0030506,Travis Kelce,TE,KC,ESPNFAN8124537231,1,0,0,1466,2026-10-03T01:11:42Z,37.0,13,,ACT,63.0,2013,2.0,6.5,6.5,0.0,0.8200000000000001,19.5,-9.0,-0.06,current,current season,16.366666666666667,2026,4,sleeper,2026-10-03T01:11:37Z,,,,,,,,6.17,4.52,52.06,0.34,11.76,9.5,7.24,6.17,,0.191,11.77,0.5,6.3,6.3,0.0,LV,47.5,0,3.0,1.105,15.5,50% projection,1,1.0,0.95,High,,"6.3 exp opps (proj 6, recent 6) · TE1 · 19% of team targets · vs LV (DvP 3, +10%) · High confidence",0.933,8.667,20.0,6.4,0.814,22.1,11.3
00-0036040,Juwan Johnson,TE,NO,ESPNFAN8124537231,0,0,0,7002,2026-10-03T01:11:42Z,30.1,6,,ACT,,2020,2.0,6.0,6.0,0.0,0.575,16.95,4.0,0.09,current,current season,16.099999999999998,2026,4,sleeper,2026-10-03T01:11:37Z,,,,,,,,5.76,4.32,52.41,0.38,11.86,9.7,7.54,5.76,,0.167,11.84,0.5,5.9,5.9,0.0,ATL,47.5,1,9.0,1.06,14.8,50% projection,1,1.0,0.96,High,,"5.9 exp opps (proj 6, recent 6) · TE1 · 17% of team targets · vs ATL (DvP 9, +6%) · High confidence",0.95,9.333,20.0,6.0,0.737,17.1,10.8
00-0033288,George Kittle,TE,SF,coroxbro10,0,0,0,4217,2026-10-03T01:11:42Z,33.0,9,,ACT,146.0,2017,2.0,5.5,5.5,0.0,0.665,22.1,3.0,0.37,current,current season,15.799999999999999,2026,4,sleeper,2026-10-03T01:11:37Z,,,,,,,,5.79,4.34,50.92,0.41,11.95,9.78,7.61,5.79,,0.187,11.89,0.5,5.6,5.6,0.0,DEN,47.5,1,13.0,1.03,14.3,50% projection,1,1.0,0.95,High,,"5.6 exp opps (proj 6, recent 6) · TE1 · 19% of team targets · vs DEN (DvP 13, +3%) · High confidence",0.913,8.333,13.0,6.3,0.803,24.6,14.1
00-0040128,Tyler Warren,TE,IND,Craig McCloskey,1,0,0,12518,2026-10-03T01:11:42Z,24.4,1,,ACT,14.0,2025,2.0,9.5,8.5,1.0,0.915,14.55,3.0,0.05,current,current season,13.133333333333333,2026,4,sleeper,2026-10-03T01:11:37Z,,,,,0.31,1.31,0.01,6.79,4.78,43.93,0.46,12.14,9.75,7.35,7.1,0.011,0.24,12.12,0.5,8.3,7.6,0.7,WAS,47.5,0,2.0,1.112,14.0,50% projection,1,1.0,0.75,High,,"8.3 exp opps (proj 7, recent 10) · TE1 · 24% of team targets · vs WAS (DvP 2, +11%) · High confidence",0.92,8.0,20.0,7.1,0.85,17.9,10.8
00-0037838,Isaiah Likely,TE,NYG,MeloRox1588,0,0,0,8131,2026-10-03T01:11:42Z,26.5,4,,ACT,139.0,2022,2.0,7.5,7.5,0.0,0.7649999999999999,5.800000000000001,-5.0,0.15,current,current season,13.133333333333333,2026,4,sleeper,2026-10-03T01:11:37Z,,,,,,,,5.66,4.11,44.14,0.47,11.37,9.31,7.25,5.66,,0.202,11.34,0.5,6.6,6.6,0.0,ARI,44.5,1,6.0,1.082,13.2,50% projection,1,1.0,0.75,High,,"6.6 exp opps (proj 6, recent 8) · TE1 · 20% of team targets · vs ARI (DvP 6, +8%) · High confidence",0.673,7.667,15.0,3.9,0.593,12.5,3.7
00-0034383,Dalton Schultz,TE,HOU,Scarfmyteam,1,0,0,5001,2026-10-03T01:11:42Z,30.2,8,,ACT,137.0,2018,2.0,8.5,8.5,0.0,0.6100000000000001,16.0,-11.0,-0.14,current,current season,13.166666666666666,2026,4,sleeper,2026-10-03T01:11:37Z,,,,,,,,5.25,4.38,45.81,0.26,10.5,8.31,6.12,5.25,,0.172,10.52,0.5,6.9,6.9,0.0,DAL,48.5,1,8.0,1.068,12.6,50% projection,1,1.0,0.62,Med,,"6.9 exp opps (proj 5, recent 8) · TE1 · 17% of team targets · vs DAL (DvP 8, +7%) · Med confidence",0.76,9.333,20.0,6.6,0.698,19.1,9.9
00-0038933,Dalton Kincaid,TE,BUF,coroxbro10,1,0,0,10236,2026-10-03T01:11:42Z,27.0,3,,ACT,25.0,2023,2.0,5.5,5.5,0.0,0.665,13.15,-5.0,0.01,current,current season,14.766666666666666,2026,4,sleeper,2026-10-03T01:11:37Z,,,,,,,,6.11,4.73,60.14,0.26,12.3,9.94,7.57,6.11,,0.21,12.3,0.5,5.8,5.8,0.0,NE,49.5,1,32.0,0.888,12.0,50% projection,1,1.0,0.9,High,,"5.8 exp opps (proj 6, recent 6) · TE1 · 21% of team targets · vs NE (DvP 32, -11%) · High confidence",0.683,5.667,7.0,5.6,0.59,20.5,9.8
00-0040663,Harold Fannin Jr.,TE,CLE,espn90036700,1,0,0,12506,2026-10-03T01:11:42Z,22.2,1,,ACT,67.0,2025,3.0,6.666666666666667,6.666666666666667,0.0,0.87,15.4,-0.5,0.015,current,current season,12.866666666666667,2026,4,sleeper,2026-10-03T01:11:37Z,,,,,0.23,0.66,0.01,6.17,4.43,44.86,0.44,11.73,9.52,7.3,6.4,0.008,0.224,11.68,0.4,6.6,6.5,0.1,PIT,38.5,1,24.0,0.948,11.7,40% projection,1,1.0,0.96,High,,"6.6 exp opps (proj 6, recent 7) · TE1 · 22% of team targets · vs PIT (DvP 24, -5%) · High confidence",0.927,11.0,19.0,7.1,0.808,20.0,11.2
00-0039065,Sam LaPorta,TE,DET,Nativity scene,1,0,0,10859,2026-10-03T01:11:42Z,25.7,3,,ACT,34.0,2023,2.0,5.5,5.5,0.0,0.95,12.3,-3.0,-0.06,current,current season,11.466666666666667,2026,4,sleeper,2026-10-03T01:11:37Z,,,,,0.06,0.29,0.0,6.11,4.58,47.07,0.3,11.11,8.82,6.53,6.17,0.002,0.185,11.12,0.5,5.8,5.8,0.0,CAR,50.5,0,15.0,1.015,11.5,50% projection,1,1.0,0.89,High,,"5.8 exp opps (proj 6, recent 6) · TE1 · 18% of team targets · vs CAR (DvP 15, +1%) · High confidence",0.977,7.0,12.0,5.7,0.906,19.9,10.1
00-0041032,Kenyon Sadiq,TE,NYJ,ESPNFAN8124537231,0,0,0,13330,2026-10-03T01:11:42Z,21.6,0,Questionable,ACT,16.0,2026,2.0,5.5,5.5,0.0,0.47,13.6,5.0,0.22,current,current season,12.866666666666667,2026,4,sleeper,2026-10-03T01:11:37Z,,,,,0.12,0.55,0.01,5.55,4.31,49.18,0.27,10.94,8.78,6.62,5.67,0.005,0.183,10.96,0.5,5.6,5.5,0.1,CHI,43.5,0,26.0,0.932,11.1,50% projection,1,1.0,0.68,Med,QUESTIONABLE,"5.6 exp opps (proj 6, recent 6) · TE1 · 18% of team targets · vs CHI (DvP 26, -7%) · Med confidence · QUESTIONABLE",0.453,5.0,2.0,6.0,0.5,21.1,11.4
00-0038041,Jake Ferguson,TE,DAL,Craig McCloskey,0,0,0,8110,2026-10-03T01:11:42Z,27.7,4,,ACT,129.0,2022,2.0,4.5,4.5,0.0,0.645,14.8,1.0,0.09,current,current season,10.733333333333334,2026,4,sleeper,2026-10-03T01:11:37Z,,,,,,,,5.04,3.59,34.5,0.32,8.97,7.18,5.38,5.04,,0.145,8.96,0.5,4.8,4.8,0.0,HOU,48.5,0,16.0,1.008,9.9,50% projection,1,1.0,0.89,High,,"4.8 exp opps (proj 5, recent 4) · TE1 · 14% of team targets · vs HOU (DvP 16, +1%) · High confidence",0.74,11.0,19.0,5.9,0.689,21.3,10.1
00-0038935,Brenton Strange,TE,JAX,espn90036700,0,0,0,9480,2026-10-03T01:11:42Z,25.8,3,,ACT,61.0,2023,2.0,3.5,3.5,0.0,0.8,4.95,3.0,-0.06,current,current season,6.733333333333334,2026,4,sleeper,2026-10-03T01:11:37Z,,,,,,,,5.07,3.67,44.23,0.29,9.83,7.99,6.15,5.07,,0.151,9.83,0.5,4.3,4.3,0.0,CIN,51.5,0,5.0,1.09,9.0,50% projection,1,1.0,0.69,Med,,"4.3 exp opps (proj 5, recent 4) · TE1 · 15% of team targets · vs CIN (DvP 5, +9%) · Med confidence",0.84,6.333,14.0,4.9,0.777,14.7,9.9
00-0035229,T.J. Hockenson,TE,MIN,kmccloskey,0,0,0,5844,2026-10-03T01:11:42Z,29.3,7,,ACT,8.0,2019,2.0,4.0,4.0,0.0,0.77,4.5,-0.0,0.16,current,current season,7.533333333333334,2026,4,sleeper,2026-10-03T01:11:37Z,,,,,,,,5.07,3.99,39.83,0.3,9.8,7.8,5.81,5.07,,0.191,9.77,0.5,4.5,4.5,0.0,MIA,38.5,1,11.0,1.045,9.0,50% projection,1,1.0,0.79,High,,"4.5 exp opps (proj 5, recent 4) · TE1 · 19% of team targets · vs MIA (DvP 11, +4%) · High confidence",0.87,6.667,18.0,4.4,0.772,12.4,7.4
00-0038996,Tucker Kraft,TE,GB,Peibsen,1,0,0,9484,2026-10-03T01:11:42Z,25.9,3,,ACT,78.0,2023,2.0,5.5,5.5,0.0,0.87,5.05,5.0,-0.22,current,current season,6.533333333333334,2026,4,sleeper,2026-10-03T01:11:37Z,,,,,,,,5.55,3.93,47.32,0.32,10.61,8.65,6.68,5.55,,0.177,10.58,0.5,5.5,5.5,0.0,TB,39.5,0,12.0,1.038,8.9,50% projection,1,1.0,0.99,High,,"5.5 exp opps (proj 6, recent 6) · TE1 · 18% of team targets · vs TB (DvP 12, +4%) · High confidence",0.92,7.333,11.0,5.6,0.844,24.4,9.9
00-0040126,Colston Loveland,TE,CHI,Scarfmyteam,0,0,0,12517,2026-10-03T01:11:42Z,22.5,1,,ACT,10.0,2025,2.0,3.5,3.5,0.0,0.825,4.2,1.0,-0.07,current,current season,2.8000000000000003,2026,4,sleeper,2026-10-03T01:11:37Z,,,,,0.06,0.23,0.0,4.92,3.51,41.02,0.38,9.92,8.17,6.41,4.9799999999999995,0.002,0.174,9.91,0.5,4.2,4.2,0.0,NYJ,43.5,1,29.0,0.91,5.8,50% projection,1,1.0,0.7,High,,"4.2 exp opps (proj 5, recent 4) · TE1 · 17% of team targets · vs NYJ (DvP 29, -9%) · High confidence",0.88,9.333,18.0,4.9,0.708,22.1,6.8
00-0036970,Kyle Pitts,TE,ATL,corncuff,1,0,0,7553,2026-10-03T01:11:42Z,26.0,5,,ACT,4.0,2021,2.0,2.5,2.5,0.0,0.485,2.0,-1.0,0.21,current,current season,1.3333333333333333,2026,4,sleeper,2026-10-03T01:11:37Z,,,,,,,,4.11,2.85,33.23,0.4,8.57,7.14,5.71,4.11,,0.145,8.57,0.5,3.3,3.3,0.0,NO,47.5,0,4.0,1.098,5.4,50% projection,1,1.0,0.61,Med,,"3.3 exp opps (proj 4, recent 2) · TE1 · 14% of team targets · vs NO (DvP 4, +10%) · Med confidence",0.93,10.333,19.0,6.4,0.852,18.1,7.8
00-0034351,Dallas Goedert,TE,PHI,Peibsen,0,0,0,5022,2026-10-03T01:11:42Z,31.7,8,Out,ACT,49.0,2018,1.0,2.0,2.0,0.0,0.25,1.4,0.0,0.0,current,current season,11.633333333333333,2026,4,sleeper,2026-10-03T01:11:37Z,,,,,,,,,,,,,,,0.0,,,0.0,0.75,0.5,0.5,0.0,LA,42.5,1,28.0,0.918,,75% projection,1,1.0,0.0,Low,OUT,"0.5 exp opps (proj 0, recent 2) · TE1 · vs LA (DvP 28, -8%) · Low confidence · OUT",0.913,8.0,16.0,5.4,0.852,24.2,10.9
00-0038543,Jaxon Smith-Njigba,WR,SEA,espn90036700,1,0,0,9488,2026-10-03T01:11:42Z,24.6,3,,ACT,20.0,2023,2.0,12.5,12.5,0.0,0.77,38.93,3.0,0.2,current,current season,34.68666666666667,2026,4,sleeper,2026-10-03T01:11:37Z,,,,,0.46,1.93,0.02,9.66,6.5,98.27,0.95,22.36,19.11,15.87,10.120000000000001,0.016,0.327,22.34,0.5,11.3,11.1,0.2,LAC,42.5,1,14.0,1.022,29.1,50% projection,1,1.0,0.81,High,,"11.3 exp opps (proj 10, recent 12) · WR1 · 33% of team targets · vs LAC (DvP 14, +2%) · High confidence",0.923,12.333,20.0,10.3,0.78,35.5,21.3
00-0037239,Chris Olave,WR,NO,ESPNFAN8124537231,1,0,0,8144,2026-10-03T01:11:42Z,26.3,4,,ACT,11.0,2022,2.0,11.5,11.5,0.0,0.84,21.15,3.0,-0.0,current,current season,23.5,2026,4,sleeper,2026-10-03T01:11:37Z,,,,,0.05,0.2,0.0,9.54,5.9,89.51,0.71,19.16,16.21,13.26,9.59,0.002,0.276,19.13,0.5,10.5,10.5,0.0,ATL,47.5,1,6.0,1.082,23.1,50% projection,1,1.0,0.83,High,,"10.5 exp opps (proj 10, recent 12) · WR1 · 28% of team targets · vs ATL (DvP 6, +8%) · High confidence",0.9,13.333,19.0,10.2,0.844,27.1,15.8
00-0036358,CeeDee Lamb,WR,DAL,Scarfmyteam,1,0,0,6786,2026-10-03T01:11:42Z,27.5,6,,ACT,17.0,2020,2.0,8.5,8.5,0.0,0.7849999999999999,27.75,-1.0,0.07,current,current season,23.63333333333333,2026,4,sleeper,2026-10-03T01:11:37Z,,,,,0.4,1.94,0.01,8.98,5.98,87.45,0.4,17.38,14.39,11.39,9.38,0.016,0.258,17.38,0.5,8.9,8.7,0.2,HOU,48.5,0,2.0,1.112,22.8,50% projection,1,1.0,0.91,High,,"8.9 exp opps (proj 9, recent 8) · WR1 · 26% of team targets · vs HOU (DvP 2, +11%) · High confidence",0.873,10.667,16.0,9.0,0.781,23.1,17.4
00-0039075,Puka Nacua,WR,LA,Nativity scene,1,0,0,9493,2026-10-03T01:11:42Z,25.3,3,,ACT,177.0,2023,0.0,11.0,10.375,0.625,0.6825,23.4375,0.044118,-0.004882,prior,prior season only,18.033333333333335,2026,4,sleeper,2026-10-03T01:11:37Z,,,,,0.46,2.74,0.02,9.09,6.24,91.05,0.58,19.19,16.07,12.94,9.55,0.016,0.299,19.22,1.0,9.6,9.1,0.5,PHI,42.5,0,10.0,1.052,20.2,projection only,1,1.0,0.87,High,,"9.6 exp opps (proj 10, recent 11) · WR1 · 30% of team targets · vs PHI (DvP 10, +5%) · High confidence",0.883,14.333,17.0,10.9,0.684,35.8,22.8
00-0036963,Amon-Ra St. Brown,WR,DET,ESPNFAN8124537231,1,0,0,7547,2026-10-03T01:11:42Z,26.9,5,,ACT,112.0,2021,2.0,10.5,10.5,0.0,0.845,23.55,-5.0,-0.21,current,current season,25.26666666666667,2026,4,sleeper,2026-10-03T01:11:37Z,,,,,0.28,1.65,0.01,9.68,6.38,74.39,0.72,18.41,15.22,12.03,9.959999999999999,0.01,0.294,18.36,0.5,10.2,10.1,0.1,CAR,50.5,0,30.0,0.902,19.7,50% projection,1,1.0,0.95,High,,"10.2 exp opps (proj 10, recent 10) · WR1 · 29% of team targets · vs CAR (DvP 30, -10%) · High confidence",0.947,14.0,19.0,11.0,0.896,35.6,18.4
00-0031381,Davante Adams,WR,LA,Scarfmyteam,1,0,0,2133,2026-10-03T01:11:42Z,33.8,12,,ACT,53.0,2014,2.0,11.5,11.5,0.0,0.74,30.1,3.0,0.18,current,current season,21.933333333333334,2026,4,sleeper,2026-10-03T01:11:37Z,,,,,,,,8.2,4.35,75.86,0.46,14.69,12.52,10.34,8.2,,0.27,14.7,0.5,9.8,9.8,0.0,PHI,42.5,0,10.0,1.052,19.3,50% projection,2,2.0,0.57,Med,,"9.8 exp opps (proj 8, recent 12) · WR2 · 27% of team targets · vs PHI (DvP 10, +5%) · Med confidence",0.853,9.667,17.0,8.4,0.707,24.5,15.6
00-0036900,Ja'Marr Chase,WR,CIN,kmccloskey,1,0,0,7564,2026-10-03T01:11:42Z,26.6,5,,ACT,5.0,2021,2.0,10.5,10.5,0.0,0.94,25.65,3.0,0.12,current,current season,18.166666666666668,2026,4,sleeper,2026-10-03T01:11:37Z,,,,,0.26,1.03,0.01,9.34,6.26,79.11,0.71,18.6,15.47,12.34,9.6,0.011,0.265,18.59,0.5,10.0,9.9,0.1,JAX,51.5,1,17.0,1.0,18.4,50% projection,1,1.0,0.91,High,,"10.0 exp opps (proj 10, recent 10) · WR1 · 26% of team targets · vs JAX (DvP 17, +0%) · High confidence",0.99,18.333,19.0,11.2,0.943,30.5,21.1
00-0036554,Nico Collins,WR,HOU,Nativity scene,1,0,0,7569,2026-10-03T01:11:42Z,27.5,5,,ACT,89.0,2021,0.0,8.133333333333333,8.0,0.13333333333333333,0.772,15.08,-0.121429,-0.005357,prior,prior season only,13.266666666666666,2026,4,sleeper,2026-10-03T01:11:37Z,,,,,0.22,1.23,0.01,8.35,5.53,88.58,0.66,18.54,15.78,13.01,8.57,0.008,0.274,18.53,1.0,8.6,8.4,0.2,DAL,48.5,1,20.0,0.978,18.1,projection only,1,1.0,0.95,High,,"8.6 exp opps (proj 9, recent 8) · WR1 · 27% of team targets · vs DAL (DvP 20, -2%) · High confidence",0.873,12.0,16.0,8.3,0.769,23.1,15.2
00-0038124,Christian Watson,WR,GB,espn90036700,0,0,0,8167,2026-10-03T01:11:42Z,27.4,4,,ACT,34.0,2022,2.0,10.5,10.5,0.0,0.8500000000000001,18.35,-1.0,-0.1,current,current season,23.133333333333336,2026,4,sleeper,2026-10-03T01:11:37Z,,,,,0.1,0.51,0.0,7.08,4.2,71.07,0.65,15.35,13.25,11.15,7.18,0.004,0.226,15.26,0.5,8.8,8.8,0.0,TB,39.5,0,26.0,0.932,17.9,50% projection,1,1.0,0.68,Med,,"8.8 exp opps (proj 7, recent 10) · WR1 · 23% of team targets · vs TB (DvP 26, -7%) · Med confidence",0.82,9.667,13.0,6.5,0.71,24.4,14.1
00-0039491,Jalen Coker,WR,CAR,Nativity scene,0,0,0,11646,2026-10-03T01:11:42Z,24.9,2,Questionable,ACT,,2024,2.0,6.5,6.5,0.0,0.56,9.2,-5.0,-0.4,current,current season,17.4,2026,4,sleeper,2026-10-03T01:11:37Z,,,,,0.07,0.36,0.0,6.84,5.11,65.03,0.54,14.91,12.36,9.8,6.91,0.003,0.209,14.89,0.5,6.7,6.7,0.0,DET,50.5,1,3.0,1.105,17.8,50% projection,2,2.0,0.53,Med,QUESTIONABLE,"6.7 exp opps (proj 7, recent 6) · WR2 · 21% of team targets · vs DET (DvP 3, +10%) · Med confidence · QUESTIONABLE",0.84,8.333,12.0,4.9,0.738,17.2,7.2
00-0039064,Zay Flowers,WR,BAL,corncuff,0,0,0,9997,2026-10-03T01:11:42Z,26.1,3,Questionable,ACT,22.0,2023,1.0,7.0,6.0,1.0,0.33,15.4,0.0,0.0,current,current season,23.733333333333334,2026,4,sleeper,2026-10-03T01:11:37Z,,,,,0.24,1.51,0.01,6.11,4.63,70.95,0.49,14.9,12.59,10.28,6.3500000000000005,0.007,0.276,14.88,0.75,6.5,6.1,0.4,TEN,42.5,1,14.0,1.022,17.5,75% projection,1,1.0,0.64,Med,QUESTIONABLE,"6.5 exp opps (proj 6, recent 7) · WR1 · 28% of team targets · vs TEN (DvP 14, +2%) · Med confidence · QUESTIONABLE",0.903,9.0,17.0,7.5,0.865,26.4,14.1
00-0037740,Garrett Wilson,WR,NYJ,Craig McCloskey,1,0,0,8146,2026-10-03T01:11:42Z,26.2,4,,ACT,10.0,2022,2.0,10.0,10.0,0.0,0.9099999999999999,21.7,6.0,0.06,current,current season,19.099999999999998,2026,4,sleeper,2026-10-03T01:11:37Z,,,,,0.27,1.09,0.01,10.09,6.65,87.39,0.52,18.68,15.36,12.03,10.36,0.011,0.332,18.68,0.5,10.2,10.0,0.1,CHI,43.5,0,27.0,0.925,17.5,50% projection,1,1.0,0.97,High,,"10.2 exp opps (proj 10, recent 10) · WR1 · 33% of team targets · vs CHI (DvP 27, -7%) · High confidence",0.98,10.333,9.0,9.2,0.919,24.6,17.9
00-0038606,Parker Washington,WR,JAX,ESPNFAN8124537231,1,0,0,9487,2026-10-03T01:11:42Z,24.5,3,,ACT,185.0,2023,2.0,8.5,8.5,0.0,0.81,14.9,-7.0,-0.0,current,current season,16.366666666666667,2026,4,sleeper,2026-10-03T01:11:37Z,,,,,0.44,1.56,0.01,8.32,5.06,91.35,0.44,17.09,14.56,12.03,8.76,0.018,0.248,17.05,0.5,8.6,8.4,0.2,CIN,51.5,0,18.0,0.992,16.6,50% projection,1,1.0,0.97,High,,"8.6 exp opps (proj 9, recent 8) · WR1 · 25% of team targets · vs CIN (DvP 18, -1%) · High confidence",0.877,10.333,14.0,7.9,0.756,19.4,11.9
00-0036410,Tee Higgins,WR,CIN,espn90036700,0,0,0,6801,2026-10-03T01:11:42Z,27.7,6,,ACT,33.0,2020,2.0,8.5,8.5,0.0,0.825,17.75,-3.0,0.21,current,current season,14.799999999999999,2026,4,sleeper,2026-10-03T01:11:37Z,,,,,0.06,0.26,0.0,7.97,4.91,79.78,0.58,16.42,13.96,11.51,8.03,0.003,0.226,16.39,0.5,8.3,8.2,0.0,JAX,51.5,1,17.0,1.0,15.6,50% projection,2,2.0,0.76,High,,"8.3 exp opps (proj 8, recent 8) · WR2 · 23% of team targets · vs JAX (DvP 17, +0%) · High confidence",0.88,8.333,18.0,6.7,0.806,23.3,12.9
00-0037238,Drake London,WR,ATL,Nativity scene,1,0,0,8112,2026-10-03T01:11:42Z,25.2,4,,ACT,8.0,2022,2.0,8.0,7.5,0.5,0.775,18.65,4.0,0.31,current,current season,14.266666666666666,2026,4,sleeper,2026-10-03T01:11:37Z,,,,,0.06,0.2,0.0,9.04,5.24,81.12,0.46,16.15,13.53,10.91,9.1,0.002,0.32,16.13,0.5,8.6,8.3,0.3,NO,47.5,0,21.0,0.97,14.7,50% projection,1,1.0,0.88,High,,"8.6 exp opps (proj 9, recent 8) · WR1 · 32% of team targets · vs NO (DvP 21, -3%) · High confidence",0.98,13.333,15.0,8.9,0.894,30.4,13.5
00-0038559,Michael Wilson,WR,ARI,Craig McCloskey,1,0,0,10232,2026-10-03T01:11:42Z,26.6,3,,ACT,94.0,2023,2.0,12.0,12.0,0.0,0.935,14.85,10.0,-0.01,current,current season,13.433333333333332,2026,4,sleeper,2026-10-03T01:11:37Z,,,,,0.05,0.25,0.0,8.02,4.62,62.84,0.61,14.6,12.3,9.99,8.07,0.002,0.253,14.59,0.5,10.0,10.0,0.0,NYG,44.5,0,11.0,1.045,14.6,50% projection,1,1.0,0.67,Med,,"10.0 exp opps (proj 8, recent 12) · WR1 · 25% of team targets · vs NYG (DvP 11, +4%) · Med confidence",0.907,13.333,20.0,7.8,0.827,26.7,8.8
00-0037247,George Pickens,WR,DAL,Peibsen,1,0,0,8137,2026-10-03T01:11:42Z,25.6,4,,ACT,52.0,2022,2.0,9.5,9.5,0.0,0.8049999999999999,12.6,3.0,0.09,current,current season,10.333333333333334,2026,4,sleeper,2026-10-03T01:11:37Z,,,,,0.05,0.2,0.0,8.05,5.08,76.81,0.3,14.61,12.07,9.53,8.100000000000001,0.002,0.232,14.58,0.5,8.8,8.8,0.0,HOU,48.5,0,2.0,1.112,13.9,50% projection,2,2.0,0.68,Med,,"8.8 exp opps (proj 8, recent 10) · WR2 · 23% of team targets · vs HOU (DvP 2, +11%) · Med confidence",0.877,11.0,20.0,8.1,0.812,29.8,14.4
00-0031588,Stefon Diggs,WR,WAS,Scarfmyteam,0,0,0,2449,2026-10-03T01:11:42Z,32.8,11,,ACT,146.0,2015,2.0,6.5,6.5,0.0,0.55,14.5,1.0,0.08,current,current season,14.833333333333334,2026,4,sleeper,2026-10-03T01:11:37Z,,,,,,,,5.98,4.13,58.8,0.34,12.05,9.99,7.92,5.98,,0.214,12.05,0.5,6.2,6.2,0.0,IND,47.5,1,13.0,1.03,13.8,50% projection,2,2.0,0.74,High,,"6.2 exp opps (proj 6, recent 6) · WR2 · 21% of team targets · vs IND (DvP 13, +3%) · High confidence",0.627,7.667,20.0,6.2,0.544,22.2,12.2
00-0038997,Josh Downs,WR,IND,corncuff,0,0,0,9500,2026-10-03T01:11:42Z,25.1,3,,ACT,79.0,2023,2.0,10.0,10.0,0.0,0.755,13.45,2.0,-0.15,current,current season,10.866666666666665,2026,4,sleeper,2026-10-03T01:11:37Z,,,,,0.11,0.42,0.0,6.98,4.23,60.13,0.41,12.75,10.63,8.52,7.090000000000001,0.004,0.246,12.74,0.5,8.5,8.5,0.1,WAS,47.5,0,1.0,1.12,13.2,50% projection,1,1.0,0.71,High,,"8.5 exp opps (proj 7, recent 10) · WR1 · 25% of team targets · vs WAS (DvP 1, +12%) · High confidence",0.8,8.0,19.0,6.0,0.621,14.5,9.6
00-0040124,Tetairoa McMillan,WR,CAR,corncuff,1,0,0,12526,2026-10-03T01:11:42Z,23.5,1,,ACT,8.0,2025,2.0,7.5,7.5,0.0,0.875,9.4,-5.0,0.15,current,current season,9.766666666666667,2026,4,sleeper,2026-10-03T01:11:37Z,,,,,0.07,0.36,0.0,8.75,4.6,73.38,0.33,13.97,11.66,9.36,8.82,0.003,0.267,13.95,0.5,8.2,8.1,0.0,DET,50.5,1,3.0,1.105,13.1,50% projection,1,1.0,0.85,High,,"8.2 exp opps (proj 9, recent 8) · WR1 · 27% of team targets · vs DET (DvP 3, +10%) · High confidence",0.923,9.0,20.0,7.2,0.87,18.0,11.2
00-0040667,Matthew Golden,WR,GB,kmccloskey,0,0,0,12501,2026-10-03T01:11:42Z,23.2,1,,ACT,23.0,2025,2.0,9.0,9.0,0.0,0.84,15.4,6.0,-0.04,current,current season,15.433333333333332,2026,4,sleeper,2026-10-03T01:11:37Z,,,,,0.21,0.8,0.01,7.31,4.15,61.35,0.3,12.17,10.1,8.02,7.52,0.008,0.234,12.23,0.5,8.3,8.2,0.1,TB,39.5,0,26.0,0.932,12.9,50% projection,2,2.0,0.67,Med,,"8.3 exp opps (proj 8, recent 9) · WR2 · 23% of team targets · vs TB (DvP 26, -7%) · Med confidence",0.893,10.0,12.0,5.8,0.707,14.1,3.6
00-0034827,DJ Moore,WR,BUF,ESPNFAN8124537231,0,0,0,4983,2026-10-03T01:11:42Z,29.5,8,,ACT,24.0,2018,2.0,5.5,5.0,0.5,0.475,6.3,9.0,0.33,current,current season,11.200000000000001,2026,4,sleeper,2026-10-03T01:11:37Z,,,,,0.3,1.66,0.01,7.23,4.26,64.43,0.51,14.04,11.91,9.78,7.53,0.01,0.249,13.99,0.5,6.5,6.1,0.4,NE,49.5,1,16.0,1.008,12.7,50% projection,1,1.0,0.73,High,,"6.5 exp opps (proj 8, recent 6) · WR1 · 25% of team targets · vs NE (DvP 16, +1%) · High confidence",0.917,7.333,19.0,6.2,0.833,22.9,8.4
00-0031408,Mike Evans,WR,SF,corncuff,1,0,0,2216,2026-10-03T01:11:42Z,33.1,12,Questionable,ACT,7.0,2014,2.0,4.5,4.5,0.0,0.43500000000000005,10.4,3.0,-0.21,current,current season,12.566666666666668,2026,4,sleeper,2026-10-03T01:11:37Z,,,,,,,,7.75,4.2,65.36,0.54,14.0,11.9,9.8,7.75,,0.25,13.98,0.5,6.1,6.1,0.0,DEN,47.5,1,25.0,0.94,12.5,50% projection,1,1.0,0.41,Med,QUESTIONABLE,"6.1 exp opps (proj 8, recent 4) · WR1 · 25% of team targets · vs DEN (DvP 25, -6%) · Med confidence · QUESTIONABLE",0.78,9.333,9.0,7.6,0.704,16.9,12.1
00-0039424,Devaughn Vele,WR,NO,Nativity scene,0,0,0,11834,2026-10-03T01:11:42Z,28.8,2,,ACT,235.0,2024,2.0,6.5,6.5,0.0,0.9199999999999999,9.15,-1.0,-0.08,current,current season,12.733333333333334,2026,4,sleeper,2026-10-03T01:11:37Z,,,,,0.05,0.24,0.0,5.94,3.89,46.88,0.29,10.35,8.4,6.45,5.99,0.002,0.172,10.34,0.5,6.2,6.2,0.0,ATL,47.5,1,6.0,1.082,12.5,50% projection,2,2.0,0.74,High,,"6.2 exp opps (proj 6, recent 6) · WR2 · 17% of team targets · vs ATL (DvP 6, +8%) · High confidence",0.917,7.333,9.0,6.2,0.82,19.1,7.0
00-0041037,Denzel Boston,WR,CLE,MeloRox1588,0,0,0,13346,2026-10-03T01:11:42Z,22.8,0,,ACT,39.0,2026,3.0,6.0,6.0,0.0,0.9233333333333333,13.833333333333334,0.0,0.01,current,current season,14.166666666666666,2026,4,sleeper,2026-10-03T01:11:37Z,,,,,0.15,0.57,0.0,5.26,3.14,52.18,0.36,10.64,9.07,7.49,5.41,0.005,0.191,10.58,0.4,5.8,5.7,0.1,PIT,38.5,1,21.0,0.97,12.4,40% projection,1,1.0,0.9,High,,"5.8 exp opps (proj 5, recent 6) · WR1 · 19% of team targets · vs PIT (DvP 21, -3%) · High confidence",0.923,6.0,4.0,5.5,0.923,18.5,13.4
00-0039067,Rashee Rice,WR,KC,coroxbro10,1,0,0,10229,2026-10-03T01:11:42Z,26.4,3,,ACT,55.0,2023,2.0,7.5,7.5,0.0,0.78,14.05,3.0,-0.02,current,current season,12.666666666666666,2026,4,sleeper,2026-10-03T01:11:37Z,,,,,0.46,1.78,0.02,7.06,4.85,58.79,0.5,14.06,11.63,9.21,7.52,0.018,0.218,14.03,0.5,7.5,7.3,0.2,LV,47.5,0,31.0,0.895,11.9,50% projection,1,1.0,1.0,High,,"7.5 exp opps (proj 8, recent 8) · WR1 · 22% of team targets · vs LV (DvP 31, -10%) · High confidence",0.84,11.333,11.0,9.1,0.762,25.5,15.8
00-0039337,Malik Nabers,WR,NYG,Craig McCloskey,1,0,0,11632,2026-10-03T01:11:42Z,23.2,2,,ACT,6.0,2024,2.0,5.0,5.0,0.0,0.76,4.35,2.0,0.04,current,current season,7.2,2026,4,sleeper,2026-10-03T01:11:37Z,,,,,0.28,1.15,0.01,9.34,5.13,63.08,0.39,13.92,11.36,8.79,9.62,0.009,0.334,13.95,0.5,7.3,7.2,0.1,ARI,44.5,1,4.0,1.098,11.6,50% projection,1,1.0,0.52,Med,,"7.3 exp opps (proj 10, recent 5) · WR1 · 33% of team targets · vs ARI (DvP 4, +10%) · Med confidence",0.95,10.667,6.0,8.5,0.815,22.8,7.6
00-0040735,Luther Burden III,WR,CHI,Craig McCloskey,0,0,0,12519,2026-10-03T01:11:42Z,22.8,1,,ACT,39.0,2025,2.0,9.5,9.0,0.5,0.59,13.0,5.0,0.04,current,current season,11.833333333333334,2026,4,sleeper,2026-10-03T01:11:37Z,,,,,0.67,3.44,0.02,5.72,4.34,59.57,0.24,12.15,9.98,7.81,6.39,0.022,0.203,12.2,0.5,7.9,7.4,0.6,NYJ,43.5,1,23.0,0.955,11.5,50% projection,2,2.0,0.54,Med,,"7.9 exp opps (proj 6, recent 10) · WR2 · 20% of team targets · vs NYJ (DvP 23, -5%) · Med confidence",0.643,8.333,10.0,6.7,0.577,19.8,7.8
00-0040129,Emeka Egbuka,WR,TB,MeloRox1588,1,0,0,12514,2026-10-03T01:11:42Z,24.0,1,,ACT,19.0,2025,2.0,7.5,7.0,0.5,0.8,10.75,3.0,-0.12,current,current season,10.933333333333332,2026,4,sleeper,2026-10-03T01:11:37Z,,,,,0.26,1.0,0.01,6.3,3.54,49.4,0.29,10.37,8.6,6.83,6.56,0.009,0.237,10.38,0.5,7.0,6.6,0.4,GB,39.5,1,9.0,1.06,11.3,50% projection,1,1.0,0.87,High,,"7.0 exp opps (proj 7, recent 8) · WR1 · 24% of team targets · vs GB (DvP 9, +6%) · High confidence",0.907,11.333,20.0,7.5,0.783,23.5,10.1
00-0038393,Dontayvion Wicks,WR,PHI,Peibsen,0,0,0,9486,2026-10-03T01:11:42Z,25.3,3,,ACT,159.0,2023,2.0,5.5,5.5,0.0,0.75,8.8,-1.0,0.26,current,current season,10.966666666666667,2026,4,sleeper,2026-10-03T01:11:37Z,,,,,0.05,0.23,0.0,6.58,4.12,53.37,0.32,11.42,9.36,7.3,6.63,0.002,0.238,11.4,0.5,6.1,6.0,0.0,LA,42.5,1,18.0,0.992,11.1,50% projection,2,2.0,0.66,Med,,"6.1 exp opps (proj 7, recent 6) · WR2 · 24% of team targets · vs LA (DvP 18, -1%) · Med confidence",0.803,5.0,13.0,4.4,0.606,13.9,4.5
00-0039915,Ladd McConkey,WR,LAC,kmccloskey,1,0,0,11635,2026-10-03T01:11:42Z,24.9,2,Questionable,ACT,34.0,2024,2.0,4.0,4.0,0.0,0.67,8.55,2.0,0.42,current,current season,12.1,2026,4,sleeper,2026-10-03T01:11:37Z,,,,,0.09,0.33,0.0,6.93,4.24,56.42,0.36,12.12,10.0,7.88,7.02,0.004,0.226,12.08,0.5,5.5,5.5,0.0,SEA,42.5,0,29.0,0.91,11.0,50% projection,1,1.0,0.4,Med,QUESTIONABLE,"5.5 exp opps (proj 7, recent 4) · WR1 · 23% of team targets · vs SEA (DvP 29, -9%) · Med confidence · QUESTIONABLE",0.88,11.333,19.0,6.4,0.749,20.7,10.6
00-0035659,Terry McLaurin,WR,WAS,kmccloskey,1,0,0,5927,2026-10-03T01:11:42Z,31.0,7,Questionable,ACT,76.0,2019,2.0,9.0,9.0,0.0,0.725,13.35,-0.0,0.05,current,current season,10.033333333333333,2026,4,sleeper,2026-10-03T01:11:37Z,,,,,0.06,0.24,0.0,5.98,3.52,60.38,0.25,11.08,9.32,7.56,6.04,0.002,0.214,11.08,0.5,7.5,7.5,0.0,IND,47.5,1,13.0,1.03,10.9,50% projection,1,1.0,0.47,Med,QUESTIONABLE,"7.5 exp opps (proj 6, recent 9) · WR1 · 21% of team targets · vs IND (DvP 13, +3%) · Med confidence · QUESTIONABLE",0.813,8.0,13.0,6.3,0.72,18.9,9.8
00-0034960,Jakobi Meyers,WR,JAX,Scarfmyteam,0,0,0,5947,2026-10-03T01:11:42Z,29.9,7,,ACT,,2019,2.0,4.5,4.5,0.0,0.855,11.6,7.0,-0.09,current,current season,11.799999999999999,2026,4,sleeper,2026-10-03T01:11:37Z,,,,,0.15,0.79,0.01,5.58,3.66,48.99,0.2,9.87,8.05,6.22,5.73,0.006,0.167,9.9,0.5,5.1,5.0,0.1,CIN,51.5,0,18.0,0.992,10.8,50% projection,2,2.0,0.63,Med,,"5.1 exp opps (proj 6, recent 4) · WR2 · 17% of team targets · vs CIN (DvP 18, -1%) · Med confidence",0.95,9.667,19.0,6.7,0.84,18.0,9.4
00-0036613,Jaylen Waddle,WR,DEN,MeloRox1588,1,0,0,7526,2026-10-03T01:11:42Z,27.9,5,,ACT,6.0,2021,2.0,9.0,8.5,0.5,0.6699999999999999,14.100000000000001,-2.0,0.12,current,current season,9.799999999999999,2026,4,sleeper,2026-10-03T01:11:37Z,,,,,0.21,1.11,0.01,7.91,4.65,66.08,0.2,12.59,10.27,7.94,8.120000000000001,0.008,0.24,12.63,0.5,8.6,8.2,0.4,SF,47.5,0,24.0,0.948,10.6,50% projection,1,1.0,0.9,High,,"8.6 exp opps (proj 8, recent 9) · WR1 · 24% of team targets · vs SF (DvP 24, -5%) · High confidence",0.887,7.667,18.0,6.7,0.792,21.1,12.2
00-0035719,Deebo Samuel Sr.,WR,SF,coroxbro10,1,0,0,5872,2026-10-03T01:11:42Z,30.7,7,,ACT,36.0,2019,2.0,3.5,2.0,1.5,0.6799999999999999,10.95,-3.0,0.16,current,current season,13.299999999999999,2026,4,sleeper,2026-10-03T01:11:37Z,,,,,0.92,5.07,0.04,5.26,3.32,40.64,0.19,9.29,7.63,5.97,6.18,0.033,0.17,9.27,0.5,4.8,3.6,1.2,DEN,47.5,1,25.0,0.94,10.6,50% projection,2,2.0,0.45,Med,,"4.8 exp opps (proj 6, recent 4) · WR2 · 17% of team targets · vs DEN (DvP 25, -6%) · Med confidence",0.787,8.667,19.0,6.9,0.702,21.1,11.1
00-0038117,Wan'Dale Robinson,WR,TEN,kmccloskey,0,0,0,8126,2026-10-03T01:11:42Z,25.7,4,,ACT,43.0,2022,2.0,6.0,6.0,0.0,0.5800000000000001,10.299999999999999,10.0,0.1,current,current season,9.799999999999999,2026,4,sleeper,2026-10-03T01:11:37Z,,,,,0.12,0.51,0.0,6.54,4.29,44.71,0.17,9.84,7.69,5.55,6.66,0.005,0.213,9.83,0.5,6.3,6.3,0.1,BAL,42.5,0,8.0,1.068,10.5,50% projection,2,2.0,0.72,High,,"6.3 exp opps (proj 7, recent 6) · WR2 · 21% of team targets · vs BAL (DvP 8, +7%) · High confidence",0.99,11.667,19.0,8.5,0.868,23.5,11.5
00-0035640,DK Metcalf,WR,PIT,coroxbro10,0,0,0,5846,2026-10-03T01:11:42Z,28.8,7,,ACT,64.0,2019,3.0,7.666666666666667,7.666666666666667,0.0,0.9633333333333333,11.766666666666666,0.0,0.0,current,current season,8.933333333333334,2026,4,sleeper,2026-10-03T01:11:37Z,,,,,0.15,0.74,0.01,6.28,3.18,42.34,0.35,9.63,8.04,6.45,6.430000000000001,0.007,0.219,9.65,0.4,7.2,7.1,0.1,CLE,38.5,0,7.0,1.075,9.9,40% projection,1,1.0,0.84,High,,"7.2 exp opps (proj 6, recent 8) · WR1 · 22% of team targets · vs CLE (DvP 7, +7%) · High confidence",0.963,9.333,19.0,7.1,0.892,20.0,12.1
00-0041438,Carnell Tate,WR,TEN,Scarfmyteam,1,0,0,13279,2026-10-03T01:11:42Z,21.7,0,,ACT,4.0,2026,2.0,7.0,7.0,0.0,0.815,8.75,4.0,0.13,current,current season,8.433333333333334,2026,4,sleeper,2026-10-03T01:11:37Z,,,,,0.02,0.08,0.0,7.11,4.32,47.69,0.14,9.92,7.76,5.6,7.13,0.001,0.232,9.94,0.5,7.1,7.1,0.0,BAL,42.5,0,8.0,1.068,9.8,50% projection,1,1.0,0.98,High,,"7.1 exp opps (proj 7, recent 7) · WR1 · 23% of team targets · vs BAL (DvP 8, +7%) · High confidence",0.837,6.667,3.0,6.7,0.837,11.0,7.8
00-0038994,Jordan Addison,WR,MIN,Peibsen,1,0,0,9756,2026-10-03T01:11:42Z,24.7,3,,ACT,23.0,2023,2.0,7.0,7.0,0.0,0.9299999999999999,12.05,4.0,0.1,current,current season,8.033333333333333,2026,4,sleeper,2026-10-03T01:11:37Z,,,,,0.45,4.45,0.03,6.94,4.02,58.22,0.39,12.86,10.85,8.84,7.390000000000001,0.015,0.261,12.81,0.5,7.2,7.0,0.2,MIA,38.5,1,28.0,0.918,9.6,50% projection,2,2.0,0.76,High,,"7.2 exp opps (proj 7, recent 7) · WR2 · 26% of team targets · vs MIA (DvP 28, -8%) · High confidence",0.963,8.667,17.0,5.7,0.859,17.2,8.6
00-0039880,Malik Washington,WR,MIA,Nativity scene,0,0,0,11610,2026-10-03T01:11:42Z,26.0,2,,ACT,184.0,2024,2.0,9.0,7.5,1.5,0.7949999999999999,9.899999999999999,6.0,0.13,current,current season,8.700000000000001,2026,4,sleeper,2026-10-03T01:11:37Z,,,,,1.01,4.15,0.05,6.5,3.51,38.19,0.16,9.0,7.25,5.49,7.51,0.042,0.247,9.0,0.5,8.3,7.0,1.3,MIN,38.5,0,12.0,1.038,9.2,50% projection,1,1.0,0.83,High,,"8.3 exp opps (proj 8, recent 9) · WR1 · 25% of team targets · vs MIN (DvP 12, +4%) · High confidence",0.857,8.667,20.0,5.4,0.613,11.2,6.7
00-0033921,Chris Godwin Jr.,WR,TB,Scarfmyteam,0,0,0,4037,2026-10-03T01:11:42Z,30.6,9,,ACT,84.0,2017,2.0,4.0,3.5,0.5,0.74,7.15,-0.0,-0.24,current,current season,7.533333333333334,2026,4,sleeper,2026-10-03T01:11:37Z,,,,,0.09,0.47,0.0,4.48,3.5,38.88,0.25,8.93,7.18,5.43,4.57,0.003,0.169,8.94,0.5,4.3,4.0,0.3,GB,39.5,1,9.0,1.06,8.7,50% projection,2,2.0,0.7,High,,"4.3 exp opps (proj 5, recent 4) · WR2 · 17% of team targets · vs GB (DvP 9, +6%) · High confidence",0.807,6.333,11.0,5.5,0.76,13.7,8.2
00-0036550,Rashod Bateman,WR,BAL,corncuff,0,0,0,7571,2026-10-03T01:11:42Z,26.8,5,,ACT,27.0,2021,2.0,6.0,6.0,0.0,0.905,13.75,-6.0,-0.05,current,current season,9.166666666666666,2026,4,sleeper,2026-10-03T01:11:37Z,,,,,0.07,0.32,0.0,4.29,2.64,38.58,0.18,7.65,6.33,5.01,4.36,0.002,0.194,7.61,0.5,5.2,5.1,0.0,TEN,42.5,1,14.0,1.022,8.6,50% projection,2,2.0,0.58,Med,,"5.2 exp opps (proj 4, recent 6) · WR2 · 19% of team targets · vs TEN (DvP 14, +2%) · Med confidence",0.863,5.0,16.0,3.2,0.725,13.3,3.5
00-0037816,Romeo Doubs,WR,NE,espn90036700,0,0,0,8121,2026-10-03T01:11:42Z,26.5,4,,ACT,132.0,2022,2.0,4.0,4.0,0.0,0.7,10.25,-0.0,0.06,current,current season,6.833333333333333,2026,4,sleeper,2026-10-03T01:11:37Z,,,,,,,,4.95,3.05,49.02,0.18,9.04,7.52,5.99,4.95,,0.163,9.03,0.5,4.5,4.5,0.0,BUF,49.5,0,5.0,1.09,8.6,50% projection,1,1.0,0.81,High,,"4.5 exp opps (proj 5, recent 4) · WR1 · 16% of team targets · vs BUF (DvP 5, +9%) · High confidence",0.88,8.333,19.0,5.1,0.756,16.8,9.3
00-0037240,Jameson Williams,WR,DET,coroxbro10,0,0,0,8148,2026-10-03T01:11:42Z,25.5,4,,ACT,12.0,2022,2.0,4.0,4.0,0.0,0.895,7.1,-0.0,-0.15,current,current season,7.566666666666666,2026,4,sleeper,2026-10-03T01:11:37Z,,,,,0.6,3.36,0.03,6.12,3.63,56.28,0.23,11.16,9.34,7.53,6.72,0.022,0.186,11.15,0.5,5.4,5.1,0.3,CAR,50.5,0,30.0,0.902,8.4,50% projection,2,2.0,0.48,Med,,"5.4 exp opps (proj 7, recent 4) · WR2 · 19% of team targets · vs CAR (DvP 30, -10%) · Med confidence",0.953,10.333,20.0,6.2,0.898,24.2,10.4
00-0036252,Michael Pittman,WR,PIT,corncuff,0,0,0,6819,2026-10-03T01:11:42Z,29.0,6,,ACT,34.0,2020,2.0,4.5,4.5,0.0,0.725,3.55,-1.0,-0.01,current,current season,5.166666666666667,2026,4,sleeper,2026-10-03T01:11:37Z,,,,,0.05,0.27,0.0,5.99,3.96,40.91,0.21,9.35,7.37,5.39,6.04,0.002,0.209,9.34,0.5,5.3,5.2,0.0,CLE,38.5,0,7.0,1.075,7.8,50% projection,2,2.0,0.6,Med,,"5.3 exp opps (proj 6, recent 4) · WR2 · 21% of team targets · vs CLE (DvP 7, +7%) · Med confidence",0.91,10.0,20.0,6.2,0.843,20.5,8.4
00-0039894,Xavier Worthy,WR,KC,Scarfmyteam,0,0,0,11624,2026-10-03T01:11:42Z,23.4,2,,ACT,28.0,2024,2.0,4.5,4.5,0.0,0.845,8.75,-5.0,-0.03,current,current season,7.433333333333334,2026,4,sleeper,2026-10-03T01:11:37Z,,,,,1.09,5.55,0.06,5.83,3.18,38.15,0.3,9.69,8.1,6.51,6.92,0.042,0.18,9.71,0.5,5.7,5.2,0.5,LV,47.5,0,31.0,0.895,7.7,50% projection,2,2.0,0.52,Med,,"5.7 exp opps (proj 7, recent 4) · WR2 · 18% of team targets · vs LV (DvP 31, -10%) · Med confidence",0.82,8.333,16.0,6.1,0.768,12.2,7.8
00-0039919,Rome Odunze,WR,CHI,MeloRox1588,0,0,0,11620,2026-10-03T01:11:42Z,24.3,2,,ACT,9.0,2024,2.0,5.0,5.0,0.0,0.845,7.35,2.0,0.01,current,current season,7.3,2026,4,sleeper,2026-10-03T01:11:37Z,,,,,0.01,0.06,0.0,4.75,2.69,40.92,0.22,8.11,6.76,5.42,4.76,0.0,0.168,8.11,0.5,4.9,4.9,0.0,NYJ,43.5,1,23.0,0.955,7.4,50% projection,1,1.0,0.95,High,,"4.9 exp opps (proj 5, recent 5) · WR1 · 17% of team targets · vs NYJ (DvP 23, -5%) · High confidence",0.96,9.0,15.0,6.9,0.849,19.7,7.4
00-0034348,Courtland Sutton,WR,DEN,kmccloskey,0,0,0,5045,2026-10-03T01:11:42Z,31.0,8,,ACT,40.0,2018,2.0,5.5,5.5,0.0,0.8,6.55,3.0,0.14,current,current season,5.3999999999999995,2026,4,sleeper,2026-10-03T01:11:37Z,,,,,,,,6.24,3.27,46.16,0.36,10.04,8.41,6.77,6.24,,0.189,10.05,0.5,5.9,5.9,0.0,SF,47.5,0,24.0,0.948,7.3,50% projection,2,2.0,0.71,High,,"5.9 exp opps (proj 6, recent 6) · WR2 · 19% of team targets · vs SF (DvP 24, -5%) · High confidence",0.903,10.667,20.0,7.0,0.844,20.9,10.3
00-0037261,Khalil Shakir,WR,BUF,Peibsen,1,0,0,8134,2026-10-03T01:11:42Z,26.7,4,,ACT,148.0,2022,2.0,4.5,4.5,0.0,0.61,4.2,-3.0,0.24,current,current season,5.8,2026,4,sleeper,2026-10-03T01:11:37Z,,,,,0.11,0.5,0.0,5.01,3.68,38.12,0.13,8.31,6.47,4.63,5.12,0.004,0.173,8.32,0.5,4.8,4.8,0.1,NE,49.5,1,16.0,1.008,7.1,50% projection,2,2.0,0.7,High,,"4.8 exp opps (proj 5, recent 4) · WR2 · 17% of team targets · vs NE (DvP 16, +1%) · High confidence",0.65,8.0,19.0,5.8,0.595,17.2,9.6
00-0039893,Brian Thomas Jr.,WR,JAX,MeloRox1588,0,0,0,11631,2026-10-03T01:11:42Z,24.0,2,,ACT,23.0,2024,2.0,4.5,4.5,0.0,0.455,4.4,-7.0,-0.17,current,current season,5.266666666666667,2026,4,sleeper,2026-10-03T01:11:37Z,,,,,0.1,0.61,0.0,4.74,2.52,41.73,0.16,7.72,6.46,5.2,4.84,0.004,0.142,7.71,0.5,4.7,4.6,0.0,CIN,51.5,0,18.0,0.992,6.4,50% projection,3,3.0,0.56,Med,,"4.7 exp opps (proj 5, recent 4) · WR3 · 14% of team targets · vs CIN (DvP 18, -1%) · Med confidence",0.87,8.667,15.0,6.8,0.761,14.0,7.9
00-0039849,Marvin Harrison Jr.,WR,ARI,Peibsen,0,0,0,11628,2026-10-03T01:11:42Z,24.1,2,,ACT,4.0,2024,2.0,3.0,3.0,0.0,0.755,3.5,4.0,0.03,current,current season,3.766666666666667,2026,4,sleeper,2026-10-03T01:11:37Z,,,,,,,,3.98,1.86,26.67,0.16,5.47,4.54,3.61,3.98,,0.126,5.49,0.5,3.5,3.5,0.0,NYG,44.5,0,11.0,1.045,4.8,50% projection,2,2.0,0.6,Med,,"3.5 exp opps (proj 4, recent 3) · WR2 · 13% of team targets · vs NYG (DvP 11, +4%) · Med confidence",0.91,9.667,13.0,6.1,0.792,18.4,7.4
00-0040718,Travis Hunter,WR,JAX,corncuff,0,0,0,12530,2026-10-03T01:11:42Z,23.4,1,,ACT,2.0,2025,,,,,,,,,,,,2026,4,sleeper,2026-10-03T01:11:37Z,,,,,0.13,0.59,0.0,1.05,0.58,8.04,0.04,1.71,1.42,1.12,1.1800000000000002,0.005,0.031,1.68,1.0,1.2,1.0,0.1,CIN,51.5,0,18.0,0.992,1.7,projection only,5,5.0,0.36,Low,,"1.2 exp opps (proj 1) · WR5 · 3% of team targets · vs CIN (DvP 18, -1%) · Low confidence",,,,,,,
00-0035676,A.J. Brown,WR,NE,Peibsen,0,0,1,5859,2026-10-03T01:11:42Z,29.3,7,IR,RES,51.0,2019,0.0,8.066666666666666,8.066666666666666,0.0,0.9066666666666666,14.686666666666667,0.217857,-0.005036,prior,prior season only,11.966666666666667,2026,4,sleeper,2026-10-03T01:11:37Z,,,,,,,,,,,,,,,0.0,,,0.0,1.0,0.0,0.0,0.0,BUF,49.5,0,5.0,1.09,,projection only,6,6.0,0.0,Low,IR,"0.0 exp opps (proj 0, recent 8) · WR6 · vs BUF (DvP 5, +9%) · Low confidence · IR",0.957,11.667,16.0,7.8,0.878,26.6,12.0
00-0041035,De'Zhaun Stribling,WR,SF,corncuff,0,0,1,13417,2026-10-03T01:11:42Z,23.8,0,IR,RES,33.0,2026,,,,,,,,,,,,2026,4,sleeper,2026-10-03T01:11:37Z,,,,,,,,,,,,,,,0.0,,,0.0,1.0,0.0,0.0,0.0,DEN,47.5,1,25.0,0.94,,projection only,8,8.0,0.0,Low,IR,"0.0 exp opps (proj 0) · WR8 · vs DEN (DvP 25, -6%) · Low confidence · IR",,,,,,,
00-0038977,Tank Dell,WR,HOU,Craig McCloskey,0,0,0,9502,2026-10-03T01:11:42Z,26.9,3,IR,RES,69.0,2023,,,,,,,,,,,,2026,4,sleeper,2026-10-03T01:11:37Z,,,,,,,,,,,,,,,0.0,,,0.0,1.0,0.0,0.0,0.0,DAL,48.5,1,20.0,0.978,,projection only,6,6.0,0.0,Low,IR,"0.0 exp opps (proj 0) · WR6 · vs DAL (DvP 20, -2%) · Low confidence · IR",,,,,,,
00-0036322,Justin Jefferson,WR,MIN,coroxbro10,1,0,0,6794,2026-10-03T01:11:42Z,27.3,6,Out,ACT,22.0,2020,2.0,4.0,4.0,0.0,0.56,6.85,-4.0,-0.88,current,current season,14.966666666666667,2026,4,sleeper,2026-10-03T01:11:37Z,,,,,,,,,,,,,,,0.0,,,0.0,0.5,2.0,2.0,0.0,MIA,38.5,1,28.0,0.918,,50% projection,1,1.0,0.0,Low,OUT,"2.0 exp opps (proj 0, recent 4) · WR1 · vs MIA (DvP 28, -8%) · Low confidence · OUT",1.0,10.667,19.0,8.3,0.944,19.6,11.8
00-0039146,Jayden Reed,WR,GB,coroxbro10,0,0,0,10222,2026-10-03T01:11:42Z,26.4,3,IR,RES,50.0,2023,1.0,1.0,1.0,0.0,0.03,1.4,0.0,0.0,current,current season,4.833333333333333,2026,4,sleeper,2026-10-03T01:11:37Z,,,,,,,,,,,,,,,0.0,,,0.0,0.75,0.2,0.2,0.0,TB,39.5,0,26.0,0.932,,75% projection,7,7.0,0.0,Low,IR,"0.2 exp opps (proj 0, recent 1) · WR7 · vs TB (DvP 26, -7%) · Low confidence · IR",0.6,5.667,5.0,5.4,0.568,11.7,8.1
00-0036912,DeVonta Smith,WR,PHI,espn90036700,1,0,0,7525,2026-10-03T01:11:42Z,27.9,5,Out,ACT,10.0,2021,2.0,10.5,10.5,0.0,0.94,20.1,-5.0,0.12,current,current season,16.166666666666668,2026,4,sleeper,2026-10-03T01:11:37Z,,,,,,,,,,,,,,,0.0,,,0.0,0.5,5.2,5.2,0.0,LA,42.5,1,18.0,0.992,,50% projection,1,1.0,0.0,Low,OUT,"5.2 exp opps (proj 0, recent 10) · WR1 · vs LA (DvP 18, -1%) · Low confidence · OUT",0.953,9.0,19.0,7.2,0.897,20.8,9.6
00-0039855,Jalen McMillan,WR,TB,espn90036700,0,0,0,11618,2026-10-03T01:11:42Z,24.8,2,IR,RES,92.0,2024,1.0,1.0,1.0,0.0,0.03,0.0,0.0,0.0,current,current season,6.833333333333333,2026,4,sleeper,2026-10-03T01:11:37Z,,,,,,,,,,,,,,,0.0,,,0.0,0.75,0.2,0.2,0.0,GB,39.5,1,9.0,1.06,,75% projection,7,7.0,0.0,Low,IR,"0.2 exp opps (proj 0, recent 1) · WR7 · vs GB (DvP 9, +6%) · Low confidence · IR",0.533,5.0,4.0,4.0,0.515,13.4,3.6
