season,week,league_id,league_name,roster_id,owner_id,owner_name,matchup_id,opponent_roster_id,opponent_owner_name,points_for,points_against,won,tie,median_won,fetched_at
2026,1,1312585008447262720,Where You At?,1,473346537234100224,MrMasculinity,4,5,FYFJohnLuke,212.9,146.56,1,0,,2026-10-03T01:11:35Z
2026,1,1312585008447262720,Where You At?,2,306149492955049984,FYFSimon,5,3,zacquem,207.86,117.66,1,0,,2026-10-03T01:11:35Z
2026,1,1312585008447262720,Where You At?,3,735940870234345472,zacquem,5,2,FYFSimon,117.66,207.86,0,0,,2026-10-03T01:11:35Z
2026,1,1312585008447262720,Where You At?,4,473347412346269696,tmwrigh,3,8,Lturne56,123.76,150.82,0,0,,2026-10-03T01:11:35Z
2026,1,1312585008447262720,Where You At?,5,300320148349276160,FYFJohnLuke,4,1,MrMasculinity,146.56,212.9,0,0,,2026-10-03T01:11:35Z
2026,1,1312585008447262720,Where You At?,6,473480332893483008,jmeanor,1,7,thewrightdek,126.12,193.76,0,0,,2026-10-03T01:11:35Z
2026,1,1312585008447262720,Where You At?,7,830805333189455872,thewrightdek,1,6,jmeanor,193.76,126.12,1,0,,2026-10-03T01:11:35Z
2026,1,1312585008447262720,Where You At?,8,339485230026981376,Lturne56,3,4,tmwrigh,150.82,123.76,1,0,,2026-10-03T01:11:35Z
2026,1,1312585008447262720,Where You At?,9,335632087304380416,PSewell,2,10,patjc,122.76,129.56,0,0,,2026-10-03T01:11:35Z
2026,1,1312585008447262720,Where You At?,10,302250698769203200,patjc,2,9,PSewell,129.56,122.76,1,0,,2026-10-03T01:11:35Z
2026,1,1328128689807818752,We can think of something funny,1,735576524882829312,NegativeSquash,2,3,mastuhbruce,222.12,262.48,0,0,1.0,2026-10-03T01:11:35Z
2026,1,1328128689807818752,We can think of something funny,2,76431078206095360,Taylor894,1,8,tmag85,227.46,199.76,1,0,1.0,2026-10-03T01:11:35Z
2026,1,1328128689807818752,We can think of something funny,3,981702520521248768,mastuhbruce,2,1,NegativeSquash,262.48,222.12,1,0,1.0,2026-10-03T01:11:35Z
2026,1,1328128689807818752,We can think of something funny,4,981707071592681472,ohsobenji,3,6,jakelotwin,196.54,250.86,0,0,0.0,2026-10-03T01:11:35Z
2026,1,1328128689807818752,We can think of something funny,5,473346537234100224,MrMasculinity,4,7,njmoses,165.14,200.16,0,0,0.0,2026-10-03T01:11:35Z
2026,1,1328128689807818752,We can think of something funny,6,981733843247992832,jakelotwin,3,4,ohsobenji,250.86,196.54,1,0,1.0,2026-10-03T01:11:35Z
2026,1,1328128689807818752,We can think of something funny,7,736322979776036864,njmoses,4,5,MrMasculinity,200.16,165.14,1,0,0.0,2026-10-03T01:11:35Z
2026,1,1328128689807818752,We can think of something funny,8,981740747340795904,tmag85,1,2,Taylor894,199.76,227.46,0,0,0.0,2026-10-03T01:11:35Z
2026,1,1384263065352015872,Gooma's Family League,1,473347412346269696,tmwrigh,3,4,mottwright,157.46,188.78,0,0,,2026-10-03T01:11:35Z
2026,1,1384263065352015872,Gooma's Family League,2,830805333189455872,thewrightdek,2,3,sdw0605,136.3,163.26,0,0,,2026-10-03T01:11:35Z
2026,1,1384263065352015872,Gooma's Family League,3,832062563456999424,sdw0605,2,2,thewrightdek,163.26,136.3,1,0,,2026-10-03T01:11:35Z
2026,1,1384263065352015872,Gooma's Family League,4,833032703791210496,mottwright,3,1,tmwrigh,188.78,157.46,1,0,,2026-10-03T01:11:35Z
2026,1,1384263065352015872,Gooma's Family League,5,833115032651939840,sylviaquack,1,11,mtgundlach,192.08,157.54,1,0,,2026-10-03T01:11:35Z
2026,1,1384263065352015872,Gooma's Family League,6,473346537234100224,MrMasculinity,4,8,jimgregg,122.58,107.48,1,0,,2026-10-03T01:11:35Z
2026,1,1384263065352015872,Gooma's Family League,7,833447941745270784,EmJDGregg,6,9,kelush,113.7,140.32,0,0,,2026-10-03T01:11:35Z
2026,1,1384263065352015872,Gooma's Family League,8,833822561476415488,jimgregg,4,6,MrMasculinity,107.48,122.58,0,0,,2026-10-03T01:11:35Z
2026,1,1384263065352015872,Gooma's Family League,9,835046086484799488,kelush,6,7,EmJDGregg,140.32,113.7,1,0,,2026-10-03T01:11:35Z
2026,1,1384263065352015872,Gooma's Family League,10,837511173954961408,msdhusker,5,12,wgundlach,209.54,157.4,1,0,,2026-10-03T01:11:35Z
2026,1,1384263065352015872,Gooma's Family League,11,1134319815667126272,mtgundlach,1,5,sylviaquack,157.54,192.08,0,0,,2026-10-03T01:11:35Z
2026,1,1384263065352015872,Gooma's Family League,12,1134611314749513728,wgundlach,5,10,msdhusker,157.4,209.54,0,0,,2026-10-03T01:11:35Z
2026,1,704757,Average Joes,1,1,MeloRox1588,1,17,kmccloskey,121.86,93.92,1,0,,2026-10-03T01:11:42Z
2026,1,704757,Average Joes,4,4,Scarfmyteam,4,8,Peibsen,109.46,104.5,1,0,,2026-10-03T01:11:42Z
2026,1,704757,Average Joes,5,5,ESPNFAN8124537231,2,16,espn90036700,164.2,142.46,1,0,,2026-10-03T01:11:42Z
2026,1,704757,Average Joes,8,8,Peibsen,4,4,Scarfmyteam,104.5,109.46,0,0,,2026-10-03T01:11:42Z
2026,1,704757,Average Joes,10,10,corncuff,5,14,Nativity scene,142.46,100.02,1,0,,2026-10-03T01:11:42Z
2026,1,704757,Average Joes,13,13,Craig McCloskey,3,15,coroxbro10,105.76,105.4,1,0,,2026-10-03T01:11:42Z
2026,1,704757,Average Joes,14,14,Nativity scene,5,10,corncuff,100.02,142.46,0,0,,2026-10-03T01:11:42Z
2026,1,704757,Average Joes,15,15,coroxbro10,3,13,Craig McCloskey,105.4,105.76,0,0,,2026-10-03T01:11:42Z
2026,1,704757,Average Joes,16,16,espn90036700,2,5,ESPNFAN8124537231,142.46,164.2,0,0,,2026-10-03T01:11:42Z
2026,1,704757,Average Joes,17,17,kmccloskey,1,1,MeloRox1588,93.92,121.86,0,0,,2026-10-03T01:11:42Z
2026,2,1312585008447262720,Where You At?,1,473346537234100224,MrMasculinity,3,7,thewrightdek,138.2,133.82,1,0,,2026-10-03T01:11:35Z
2026,2,1312585008447262720,Where You At?,2,306149492955049984,FYFSimon,5,5,FYFJohnLuke,187.32,136.38,1,0,,2026-10-03T01:11:35Z
2026,2,1312585008447262720,Where You At?,3,735940870234345472,zacquem,4,4,tmwrigh,131.18,84.3,1,0,,2026-10-03T01:11:35Z
2026,2,1312585008447262720,Where You At?,4,473347412346269696,tmwrigh,4,3,zacquem,84.3,131.18,0,0,,2026-10-03T01:11:35Z
2026,2,1312585008447262720,Where You At?,5,300320148349276160,FYFJohnLuke,5,2,FYFSimon,136.38,187.32,0,0,,2026-10-03T01:11:35Z
2026,2,1312585008447262720,Where You At?,6,473480332893483008,jmeanor,2,9,PSewell,91.48,189.02,0,0,,2026-10-03T01:11:35Z
2026,2,1312585008447262720,Where You At?,7,830805333189455872,thewrightdek,3,1,MrMasculinity,133.82,138.2,0,0,,2026-10-03T01:11:35Z
2026,2,1312585008447262720,Where You At?,8,339485230026981376,Lturne56,1,10,patjc,131.46,141.14,0,0,,2026-10-03T01:11:35Z
2026,2,1312585008447262720,Where You At?,9,335632087304380416,PSewell,2,6,jmeanor,189.02,91.48,1,0,,2026-10-03T01:11:35Z
2026,2,1312585008447262720,Where You At?,10,302250698769203200,patjc,1,8,Lturne56,141.14,131.46,1,0,,2026-10-03T01:11:35Z
2026,2,1328128689807818752,We can think of something funny,1,735576524882829312,NegativeSquash,1,8,tmag85,220.34,190.04,1,0,1.0,2026-10-03T01:11:35Z
2026,2,1328128689807818752,We can think of something funny,2,76431078206095360,Taylor894,2,4,ohsobenji,207.68,159.86,1,0,1.0,2026-10-03T01:11:35Z
2026,2,1328128689807818752,We can think of something funny,3,981702520521248768,mastuhbruce,3,7,njmoses,229.34,194.3,1,0,1.0,2026-10-03T01:11:35Z
2026,2,1328128689807818752,We can think of something funny,4,981707071592681472,ohsobenji,2,2,Taylor894,159.86,207.68,0,0,0.0,2026-10-03T01:11:35Z
2026,2,1328128689807818752,We can think of something funny,5,473346537234100224,MrMasculinity,4,6,jakelotwin,204.7,208.64,0,0,0.0,2026-10-03T01:11:35Z
2026,2,1328128689807818752,We can think of something funny,6,981733843247992832,jakelotwin,4,5,MrMasculinity,208.64,204.7,1,0,1.0,2026-10-03T01:11:35Z
2026,2,1328128689807818752,We can think of something funny,7,736322979776036864,njmoses,3,3,mastuhbruce,194.3,229.34,0,0,0.0,2026-10-03T01:11:35Z
2026,2,1328128689807818752,We can think of something funny,8,981740747340795904,tmag85,1,1,NegativeSquash,190.04,220.34,0,0,0.0,2026-10-03T01:11:35Z
2026,2,1384263065352015872,Gooma's Family League,1,473347412346269696,tmwrigh,4,12,wgundlach,168.66,112.32,1,0,,2026-10-03T01:11:35Z
2026,2,1384263065352015872,Gooma's Family League,2,830805333189455872,thewrightdek,3,8,jimgregg,82.72,130.22,0,0,,2026-10-03T01:11:35Z
2026,2,1384263065352015872,Gooma's Family League,3,832062563456999424,sdw0605,1,11,mtgundlach,175.98,166.24,1,0,,2026-10-03T01:11:35Z
2026,2,1384263065352015872,Gooma's Family League,4,833032703791210496,mottwright,2,5,sylviaquack,154.66,186.48,0,0,,2026-10-03T01:11:35Z
2026,2,1384263065352015872,Gooma's Family League,5,833115032651939840,sylviaquack,2,4,mottwright,186.48,154.66,1,0,,2026-10-03T01:11:35Z
2026,2,1384263065352015872,Gooma's Family League,6,473346537234100224,MrMasculinity,5,7,EmJDGregg,164.3,133.24,1,0,,2026-10-03T01:11:35Z
2026,2,1384263065352015872,Gooma's Family League,7,833447941745270784,EmJDGregg,5,6,MrMasculinity,133.24,164.3,0,0,,2026-10-03T01:11:35Z
2026,2,1384263065352015872,Gooma's Family League,8,833822561476415488,jimgregg,3,2,thewrightdek,130.22,82.72,1,0,,2026-10-03T01:11:35Z
2026,2,1384263065352015872,Gooma's Family League,9,835046086484799488,kelush,6,10,msdhusker,98.78,125.78,0,0,,2026-10-03T01:11:35Z
2026,2,1384263065352015872,Gooma's Family League,10,837511173954961408,msdhusker,6,9,kelush,125.78,98.78,1,0,,2026-10-03T01:11:35Z
2026,2,1384263065352015872,Gooma's Family League,11,1134319815667126272,mtgundlach,1,3,sdw0605,166.24,175.98,0,0,,2026-10-03T01:11:35Z
2026,2,1384263065352015872,Gooma's Family League,12,1134611314749513728,wgundlach,4,1,tmwrigh,112.32,168.66,0,0,,2026-10-03T01:11:35Z
2026,2,704757,Average Joes,1,1,MeloRox1588,7,4,Scarfmyteam,148.82,132.6,1,0,,2026-10-03T01:11:42Z
2026,2,704757,Average Joes,4,4,Scarfmyteam,7,1,MeloRox1588,132.6,148.82,0,0,,2026-10-03T01:11:42Z
2026,2,704757,Average Joes,5,5,ESPNFAN8124537231,6,15,coroxbro10,127.16,119.68,1,0,,2026-10-03T01:11:42Z
2026,2,704757,Average Joes,8,8,Peibsen,9,16,espn90036700,112.66,181.68,0,0,,2026-10-03T01:11:42Z
2026,2,704757,Average Joes,10,10,corncuff,8,17,kmccloskey,90.84,94.26,0,0,,2026-10-03T01:11:42Z
2026,2,704757,Average Joes,13,13,Craig McCloskey,10,14,Nativity scene,76.58,89.22,0,0,,2026-10-03T01:11:42Z
2026,2,704757,Average Joes,14,14,Nativity scene,10,13,Craig McCloskey,89.22,76.58,1,0,,2026-10-03T01:11:42Z
2026,2,704757,Average Joes,15,15,coroxbro10,6,5,ESPNFAN8124537231,119.68,127.16,0,0,,2026-10-03T01:11:42Z
2026,2,704757,Average Joes,16,16,espn90036700,9,8,Peibsen,181.68,112.66,1,0,,2026-10-03T01:11:42Z
2026,2,704757,Average Joes,17,17,kmccloskey,8,10,corncuff,94.26,90.84,1,0,,2026-10-03T01:11:42Z
2026,3,1312585008447262720,Where You At?,1,473346537234100224,MrMasculinity,5,3,zacquem,165.74,137.68,1,0,,2026-10-03T01:11:35Z
2026,3,1312585008447262720,Where You At?,2,306149492955049984,FYFSimon,4,4,tmwrigh,151.86,129.94,1,0,,2026-10-03T01:11:35Z
2026,3,1312585008447262720,Where You At?,3,735940870234345472,zacquem,5,1,MrMasculinity,137.68,165.74,0,0,,2026-10-03T01:11:35Z
2026,3,1312585008447262720,Where You At?,4,473347412346269696,tmwrigh,4,2,FYFSimon,129.94,151.86,0,0,,2026-10-03T01:11:35Z
2026,3,1312585008447262720,Where You At?,5,300320148349276160,FYFJohnLuke,3,6,jmeanor,136.54,141.82,0,0,,2026-10-03T01:11:35Z
2026,3,1312585008447262720,Where You At?,6,473480332893483008,jmeanor,3,5,FYFJohnLuke,141.82,136.54,1,0,,2026-10-03T01:11:35Z
2026,3,1312585008447262720,Where You At?,7,830805333189455872,thewrightdek,2,10,patjc,115.16,105.88,1,0,,2026-10-03T01:11:35Z
2026,3,1312585008447262720,Where You At?,8,339485230026981376,Lturne56,1,9,PSewell,100.02,146.58,0,0,,2026-10-03T01:11:35Z
2026,3,1312585008447262720,Where You At?,9,335632087304380416,PSewell,1,8,Lturne56,146.58,100.02,1,0,,2026-10-03T01:11:35Z
2026,3,1312585008447262720,Where You At?,10,302250698769203200,patjc,2,7,thewrightdek,105.88,115.16,0,0,,2026-10-03T01:11:35Z
2026,3,1328128689807818752,We can think of something funny,1,735576524882829312,NegativeSquash,2,7,njmoses,236.66,163.22,1,0,1.0,2026-10-03T01:11:35Z
2026,3,1328128689807818752,We can think of something funny,2,76431078206095360,Taylor894,3,5,MrMasculinity,187.68,212.34,0,0,0.0,2026-10-03T01:11:35Z
2026,3,1328128689807818752,We can think of something funny,3,981702520521248768,mastuhbruce,4,6,jakelotwin,197.12,181.06,1,0,1.0,2026-10-03T01:11:35Z
2026,3,1328128689807818752,We can think of something funny,4,981707071592681472,ohsobenji,1,8,tmag85,255.9,178.06,1,0,1.0,2026-10-03T01:11:35Z
2026,3,1328128689807818752,We can think of something funny,5,473346537234100224,MrMasculinity,3,2,Taylor894,212.34,187.68,1,0,1.0,2026-10-03T01:11:35Z
2026,3,1328128689807818752,We can think of something funny,6,981733843247992832,jakelotwin,4,3,mastuhbruce,181.06,197.12,0,0,0.0,2026-10-03T01:11:35Z
2026,3,1328128689807818752,We can think of something funny,7,736322979776036864,njmoses,2,1,NegativeSquash,163.22,236.66,0,0,0.0,2026-10-03T01:11:35Z
2026,3,1328128689807818752,We can think of something funny,8,981740747340795904,tmag85,1,4,ohsobenji,178.06,255.9,0,0,0.0,2026-10-03T01:11:35Z
2026,3,1384263065352015872,Gooma's Family League,1,473347412346269696,tmwrigh,5,9,kelush,150.84,157.76,0,0,,2026-10-03T01:11:35Z
2026,3,1384263065352015872,Gooma's Family League,2,830805333189455872,thewrightdek,4,7,EmJDGregg,107.6,113.3,0,0,,2026-10-03T01:11:35Z
2026,3,1384263065352015872,Gooma's Family League,3,832062563456999424,sdw0605,2,8,jimgregg,198.78,102.86,1,0,,2026-10-03T01:11:35Z
2026,3,1384263065352015872,Gooma's Family League,4,833032703791210496,mottwright,1,11,mtgundlach,143.26,126.2,1,0,,2026-10-03T01:11:35Z
2026,3,1384263065352015872,Gooma's Family League,5,833115032651939840,sylviaquack,3,12,wgundlach,175.36,187.58,0,0,,2026-10-03T01:11:35Z
2026,3,1384263065352015872,Gooma's Family League,6,473346537234100224,MrMasculinity,6,10,msdhusker,142.84,112.68,1,0,,2026-10-03T01:11:35Z
2026,3,1384263065352015872,Gooma's Family League,7,833447941745270784,EmJDGregg,4,2,thewrightdek,113.3,107.6,1,0,,2026-10-03T01:11:35Z
2026,3,1384263065352015872,Gooma's Family League,8,833822561476415488,jimgregg,2,3,sdw0605,102.86,198.78,0,0,,2026-10-03T01:11:35Z
2026,3,1384263065352015872,Gooma's Family League,9,835046086484799488,kelush,5,1,tmwrigh,157.76,150.84,1,0,,2026-10-03T01:11:35Z
2026,3,1384263065352015872,Gooma's Family League,10,837511173954961408,msdhusker,6,6,MrMasculinity,112.68,142.84,0,0,,2026-10-03T01:11:35Z
2026,3,1384263065352015872,Gooma's Family League,11,1134319815667126272,mtgundlach,1,4,mottwright,126.2,143.26,0,0,,2026-10-03T01:11:35Z
2026,3,1384263065352015872,Gooma's Family League,12,1134611314749513728,wgundlach,3,5,sylviaquack,187.58,175.36,1,0,,2026-10-03T01:11:35Z
2026,3,704757,Average Joes,1,1,MeloRox1588,14,16,espn90036700,114.26,177.04,0,0,,2026-10-03T01:11:42Z
2026,3,704757,Average Joes,4,4,Scarfmyteam,11,10,corncuff,129.54,127.68,1,0,,2026-10-03T01:11:42Z
2026,3,704757,Average Joes,5,5,ESPNFAN8124537231,12,8,Peibsen,116.64,89.94,1,0,,2026-10-03T01:11:42Z
2026,3,704757,Average Joes,8,8,Peibsen,12,5,ESPNFAN8124537231,89.94,116.64,0,0,,2026-10-03T01:11:42Z
2026,3,704757,Average Joes,10,10,corncuff,11,4,Scarfmyteam,127.68,129.54,0,0,,2026-10-03T01:11:42Z
2026,3,704757,Average Joes,13,13,Craig McCloskey,15,17,kmccloskey,120.4,121.22,0,0,,2026-10-03T01:11:42Z
2026,3,704757,Average Joes,14,14,Nativity scene,13,15,coroxbro10,74.56,101.5,0,0,,2026-10-03T01:11:42Z
2026,3,704757,Average Joes,15,15,coroxbro10,13,14,Nativity scene,101.5,74.56,1,0,,2026-10-03T01:11:42Z
2026,3,704757,Average Joes,16,16,espn90036700,14,1,MeloRox1588,177.04,114.26,1,0,,2026-10-03T01:11:42Z
2026,3,704757,Average Joes,17,17,kmccloskey,15,13,Craig McCloskey,121.22,120.4,1,0,,2026-10-03T01:11:42Z
