season,week,gsis_id,name,position,team,opponent,snaps,snap_pct,targets,receptions,rec_yds,rec_tds,rec_fd,target_share,air_yds_share,wopr,carries,rush_yds,rush_tds,rush_fd,pass_att,pass_cmp,pass_yds,pass_tds,pass_int,two_pt,fum,fum_lost,fum_rec,fum_rec_td,touches,opps,fpts_ppr
2026,1,00-0023459,Aaron Rodgers,QB,PIT,ATL,67.0,1.0,0,0,0,0,0,0.0,0.0,0.0,3,-3,0,0,40,24,221,1,0,0,0,0,0,0,3,3,12.54
2026,1,00-0026498,Matthew Stafford,QB,LA,SF,51.0,0.84,0,0,0,0,0,0.0,0.0,0.0,2,-1,0,0,25,15,155,0,1,0,0,0,0,0,2,2,4.1
2026,1,00-0029604,Kirk Cousins,QB,LV,MIA,68.0,1.0,0,0,0,0,0,0.0,0.0,0.0,5,-6,0,0,30,21,160,3,2,0,0,0,0,0,5,5,13.8
2026,1,00-0030279,Keenan Allen,WR,IND,BAL,36.0,0.67,6,6,32,0,1,0.206896551724138,0.109452736318408,0.386961743009092,0,0,0,0,0,0,0,0,0,0,0,0,0,0,6,6,9.2
2026,1,00-0030506,Travis Kelce,TE,KC,DEN,49.0,0.71,5,3,71,0,2,0.2,0.218045112781955,0.452631578947368,0,0,0,0,0,0,0,0,0,0,0,0,0,0,3,5,10.1
2026,1,00-0030565,Geno Smith,QB,NYJ,TEN,67.0,1.0,0,0,0,0,0,0.0,0.0,0.0,6,7,0,0,24,19,215,0,0,0,1,0,1,0,6,6,9.3
2026,1,00-0031381,Davante Adams,WR,LA,SF,33.0,0.54,6,3,26,0,1,0.222222222222222,0.286274509803922,0.533725490196078,0,0,0,0,0,0,0,0,0,0,0,0,0,0,3,6,5.6
2026,1,00-0031408,Mike Evans,WR,SF,LA,49.0,0.75,7,6,49,1,6,0.205882352941176,0.369127516778524,0.567212791156731,0,0,0,0,0,0,0,0,0,0,0,0,0,0,6,7,16.9
2026,1,00-0031588,Stefon Diggs,WR,WAS,PHI,44.0,0.63,9,4,55,1,4,0.310344827586207,0.261829652996845,0.648797998477102,0,0,0,0,0,0,0,0,0,0,0,0,0,0,4,9,15.5
2026,1,00-0031610,Darren Waller,TE,CAR,CHI,24.0,0.35,2,2,28,0,2,0.0588235294117647,0.0218579234972678,0.103535840565734,0,0,0,0,0,0,0,0,0,0,0,0,0,0,2,2,4.8
2026,1,00-0032104,Ameer Abdullah,RB,JAX,CLE,5.0,0.09,1,1,0,0,0,0.0476190476190476,-0.012396694214876,0.0627508854781582,4,32,0,1,0,0,0,0,0,0,0,0,0,0,5,5,4.2
2026,1,00-0032398,Chris Moore,WR,BAL,IND,25.0,0.37,2,1,53,0,1,0.0833333333333333,0.252788104089219,0.301951672862454,0,0,0,0,0,0,0,0,0,0,0,0,0,0,1,2,6.3
2026,1,00-0032464,Kalif Raymond,WR,CHI,CAR,45.0,0.6,9,8,84,0,5,0.346153846153846,0.203761755485893,0.661863998070895,0,0,0,0,0,0,0,0,0,0,0,0,0,0,8,9,16.4
2026,1,00-0032764,Derrick Henry,RB,BAL,IND,37.0,0.54,1,1,19,0,1,0.0416666666666667,-0.0037174721189591,0.0598977695167286,24,144,3,7,0,0,0,0,0,0,0,0,0,0,25,25,35.3
2026,1,00-0032775,Demarcus Robinson,WR,SF,LA,41.0,0.63,3,2,50,1,2,0.0882352941176471,0.302013422818792,0.343762337149625,0,0,0,0,0,0,0,0,0,0,0,0,0,0,2,3,13.0
2026,1,00-0032950,Carson Wentz,QB,MIN,GB,54.0,0.83,0,0,0,0,0,0.0,0.0,0.0,5,-1,0,1,19,12,133,3,0,1,0,0,0,0,5,5,19.22
2026,1,00-0032951,Laquon Treadwell,WR,IND,BAL,19.0,0.35,1,0,0,0,0,0.0344827586206897,0.0199004975124378,0.0656544861897409,0,0,0,0,0,0,0,0,0,0,0,0,0,0,0,1,0.0
2026,1,00-0033077,Dak Prescott,QB,DAL,NYG,58.0,1.0,0,0,0,0,0,0.0,0.0,0.0,2,14,0,1,34,22,175,2,1,0,0,0,0,0,2,2,14.4
2026,1,00-0033090,Hunter Henry,TE,NE,SEA,54.0,0.76,3,3,26,0,1,0.0967741935483871,0.0542986425339367,0.183170340096336,0,0,0,0,0,0,0,0,0,0,0,0,0,0,3,3,5.6
2026,1,00-0033106,Jared Goff,QB,DET,NO,77.0,1.0,0,0,0,0,0,0.0,0.0,0.0,2,2,0,0,39,26,206,2,0,0,1,0,0,0,2,2,16.44
2026,1,00-0033110,Tyler Higbee,TE,LA,SF,12.0,0.2,2,2,12,0,0,0.0740740740740741,0.0352941176470588,0.135816993464052,0,0,0,0,0,0,0,0,0,0,1,1,0,0,2,2,1.2
2026,1,00-0033119,Jacoby Brissett,QB,ARI,LAC,75.0,1.0,0,0,0,0,0,0.0,0.0,0.0,6,14,0,3,37,27,277,1,0,0,0,0,0,0,6,6,16.48
2026,1,00-0033280,Christian McCaffrey,RB,SF,LA,36.0,0.55,8,5,20,0,0,0.235294117647059,-0.0201342281879195,0.338847216739045,10,68,0,2,0,0,0,0,0,0,0,0,0,0,15,18,13.8
2026,1,00-0033288,George Kittle,TE,SF,LA,30.0,0.46,5,2,12,0,0,0.147058823529412,0.25503355704698,0.399111725227004,0,0,0,0,0,0,0,0,0,0,0,0,0,0,2,5,3.2
2026,1,00-0033293,Aaron Jones,RB,MIN,GB,30.0,0.46,1,0,0,0,0,0.0434782608695652,0.0227272727272727,0.0811264822134387,12,40,1,3,0,0,0,0,0,0,0,0,0,0,12,13,10.0
2026,1,00-0033307,Kendrick Bourne,WR,ARI,LAC,50.0,0.67,8,8,75,0,5,0.216216216216216,0.141342756183746,0.423264253652946,0,0,0,0,0,0,0,0,0,0,0,0,0,0,8,8,15.5
2026,1,00-0033319,Nick Mullens,QB,JAX,CLE,7.0,0.12,0,0,0,0,0,0.0,0.0,0.0,3,-3,0,0,0,0,0,0,0,0,0,0,0,0,3,3,-0.3
2026,1,00-0033376,Patrick Ricard,RB,NYG,DAL,37.0,0.54,1,0,0,0,0,0.0344827586206897,-0.0163265306122449,0.0402955665024631,0,0,0,0,0,0,0,0,0,0,0,0,1,0,0,1,0.0
2026,1,00-0033526,Samaje Perine,RB,CIN,TB,18.0,0.28,3,3,30,0,2,0.0882352941176471,0.0132743362831858,0.141644976574701,5,20,0,1,0,0,0,0,0,0,0,0,0,0,8,8,8.0
2026,1,00-0033537,Deshaun Watson,QB,CLE,JAX,51.0,1.0,0,0,0,0,0,0.0,0.0,0.0,6,38,0,3,22,16,205,1,1,0,1,0,1,0,6,6,14.0
2026,1,00-0033555,Mack Hollins,WR,NE,SEA,50.0,0.7,5,4,51,0,1,0.161290322580645,0.280542986425339,0.438315574368705,0,0,0,0,0,0,0,0,0,0,0,0,0,0,4,5,9.1
2026,1,00-0033576,Eric Saubert,TE,SEA,NE,10.0,0.2,0,0,0,0,0,0.0,0.0,0.0,0,0,0,0,0,0,0,0,0,0,0,0,0,0,0,0,0.0
2026,1,00-0033662,Cooper Rush,QB,ATL,PIT,60.0,1.0,0,0,0,0,0,0.0,0.0,0.0,0,0,0,0,22,12,143,1,2,0,0,0,0,0,0,0,5.72
2026,1,00-0033858,Jonnu Smith,TE,GB,MIN,32.0,0.47,3,2,50,0,2,0.075,0.0511727078891258,0.148320895522388,0,0,0,0,0,0,0,0,0,0,0,0,0,0,2,3,7.0
2026,1,00-0033873,Patrick Mahomes,QB,KC,DEN,69.0,1.0,0,0,0,0,0,0.0,0.0,0.0,7,23,1,2,27,15,184,2,1,0,0,0,2,0,7,7,21.66
2026,1,00-0033881,Evan Engram,TE,DEN,KC,32.0,0.63,5,4,43,1,3,0.185185185185185,0.195652173913043,0.414734299516908,0,0,0,0,0,0,0,0,0,0,0,0,0,0,4,5,14.3
2026,1,00-0033885,David Njoku,TE,LAC,ARI,30.0,0.55,5,5,58,0,3,0.185185185185185,0.102564102564103,0.34957264957265,0,0,0,0,0,0,0,0,0,0,0,0,0,0,5,5,10.8
2026,1,00-0033908,Cooper Kupp,WR,SEA,NE,39.0,0.78,3,2,35,0,2,0.125,0.318181818181818,0.410227272727273,0,0,0,0,0,0,0,0,0,0,0,0,0,0,2,3,5.5
2026,1,00-0033921,Chris Godwin Jr.,WR,TB,CIN,49.0,0.86,4,4,40,0,2,0.148148148148148,0.020979020979021,0.236907536907537,1,3,0,0,0,0,0,0,0,0,0,0,0,0,5,5,8.3
2026,1,00-0034348,Courtland Sutton,WR,DEN,KC,39.0,0.76,5,2,11,0,0,0.185185185185185,0.434782608695652,0.582125603864734,0,0,0,0,0,0,0,0,0,0,0,0,0,0,2,5,3.1
2026,1,00-0034351,Dallas Goedert,TE,PHI,WAS,52.0,0.95,5,4,77,2,3,0.227272727272727,0.231111111111111,0.502686868686869,0,0,0,0,0,0,0,0,0,0,0,0,0,0,4,5,23.7
2026,1,00-0034383,Dalton Schultz,TE,HOU,BUF,52.0,0.66,8,4,35,0,1,0.216216216216216,0.0807453416149068,0.380846063454759,0,0,0,0,0,0,0,0,0,0,0,0,0,0,4,8,7.5
2026,1,00-0034419,Braxton Berrios,WR,NYG,DAL,12.0,0.17,0,0,0,0,0,0.0,0.0,0.0,0,0,0,0,0,0,0,0,0,0,0,0,0,0,0,0,0.0
2026,1,00-0034613,Tanner Hudson,TE,CIN,TB,6.0,0.09,1,1,4,0,0,0.0294117647058824,0.0176991150442478,0.056507027589797,0,0,0,0,0,0,0,0,0,0,0,0,0,0,1,1,1.4
2026,1,00-0034753,Mark Andrews,TE,BAL,IND,49.0,0.72,6,4,49,0,2,0.25,0.163568773234201,0.489498141263941,0,0,0,0,0,0,0,0,0,0,0,0,0,0,4,6,8.9
2026,1,00-0034796,Lamar Jackson,QB,BAL,IND,68.0,1.0,0,0,0,0,0,0.0,0.0,0.0,7,40,1,3,25,17,324,1,0,0,1,1,0,0,7,7,24.96
2026,1,00-0034798,Durham Smythe,TE,BAL,IND,42.0,0.62,1,1,4,0,0,0.0416666666666667,0.0148698884758364,0.0729089219330855,0,0,0,0,0,0,0,0,0,0,0,0,0,0,1,1,1.4
2026,1,00-0034827,DJ Moore,WR,BUF,HOU,44.0,0.76,8,5,100,1,4,0.285714285714286,0.412532637075718,0.717344274524431,0,0,0,0,0,0,0,0,0,0,0,0,0,0,5,8,21.0
2026,1,00-0034829,Mike Gesicki,TE,CIN,TB,21.0,0.33,7,5,78,1,5,0.205882352941176,0.278761061946903,0.503956272774597,0,0,0,0,0,0,0,0,0,0,0,0,0,0,5,7,18.8
2026,1,00-0034844,Saquon Barkley,RB,PHI,WAS,39.0,0.71,2,1,-3,0,0,0.0909090909090909,-0.0044444444444444,0.133252525252525,15,83,0,2,0,0,0,0,0,0,0,0,0,0,16,17,9.0
2026,1,00-0034854,KhaDarel Hodge,WR,SF,LA,1.0,0.02,0,0,0,0,0,0.0,0.0,0.0,0,0,0,0,0,0,0,0,0,0,0,0,0,0,0,0,0.0
2026,1,00-0034855,Baker Mayfield,QB,TB,CIN,57.0,1.0,0,0,0,0,0,0.0,0.0,0.0,5,30,1,1,28,23,216,0,0,0,3,3,0,0,5,5,11.64
2026,1,00-0034857,Josh Allen,QB,BUF,HOU,58.0,1.0,0,0,0,0,0,0.0,0.0,0.0,6,23,2,2,29,20,334,2,0,0,1,0,1,0,6,6,35.66
2026,1,00-0034869,Sam Darnold,QB,SEA,NE,5.0,0.1,0,0,0,0,0,0.0,0.0,0.0,0,0,0,0,2,1,13,0,0,0,0,0,0,0,0,0,0.52
2026,1,00-0034960,Jakobi Meyers,WR,JAX,CLE,37.0,0.65,2,2,40,1,2,0.0952380952380952,0.119834710743802,0.226741440377804,1,2,0,1,0,0,0,0,0,0,0,0,0,0,3,3,12.2
2026,1,00-0034975,Justice Hill,RB,BAL,IND,31.0,0.46,1,1,10,0,1,0.0416666666666667,-0.0037174721189591,0.0598977695167286,6,18,0,2,0,0,0,0,0,0,0,0,0,0,7,7,3.8
2026,1,00-0034981,Foster Moreau,TE,HOU,BUF,35.0,0.44,2,2,15,0,0,0.0540540540540541,0.0217391304347826,0.0962984723854289,0,0,0,0,0,0,0,0,0,0,0,0,0,0,2,2,3.5
2026,1,00-0035021,Ashton Dulin,WR,IND,BAL,10.0,0.19,1,0,0,0,0,0.0344827586206897,0.0,0.0517241379310345,0,0,0,0,0,0,0,0,0,0,0,0,0,0,0,1,0.0
2026,1,00-0035208,Olamide Zaccheaus,WR,ATL,PIT,18.0,0.3,1,1,5,0,0,0.0526315789473684,0.0649350649350649,0.124401913875598,0,0,0,0,0,0,0,0,0,0,0,0,0,0,1,1,1.5
2026,1,00-0035228,Kyler Murray,QB,MIN,GB,11.0,0.17,0,0,0,0,0,0.0,0.0,0.0,2,9,0,0,5,3,18,0,1,0,0,0,0,0,2,2,-0.38
2026,1,00-0035229,T.J. Hockenson,TE,MIN,GB,43.0,0.66,5,4,36,1,2,0.217391304347826,0.0965909090909091,0.393700592885376,0,0,0,0,0,0,0,0,0,0,0,0,0,0,4,5,13.6
2026,1,00-0035249,Josh Oliver,TE,MIN,GB,42.0,0.65,4,2,22,0,1,0.173913043478261,0.0738636363636364,0.312574110671937,0,0,0,0,0,0,0,0,0,0,0,0,0,0,2,4,4.2
2026,1,00-0035250,Devin Singletary,RB,NYG,DAL,25.0,0.36,4,4,22,1,2,0.137931034482759,-0.0653061224489796,0.161182266009852,6,16,0,0,0,0,0,0,0,0,0,0,0,0,10,10,13.8
2026,1,00-0035261,Tony Pollard,RB,TEN,NYJ,26.0,0.52,2,1,-1,0,0,0.0714285714285714,0.126315789473684,0.195563909774436,7,35,0,1,0,0,0,0,0,0,0,0,0,0,8,9,4.4
2026,1,00-0035500,Greg Dortch,WR,BUF,HOU,0.0,0.0,0,0,0,0,0,0.0,0.0,0.0,0,0,0,0,0,0,0,0,0,0,0,0,0,0,0,0,0.0
2026,1,00-0035544,Tom Kennedy,WR,DET,NO,0.0,0.0,0,0,0,0,0,0.0,0.0,0.0,0,0,0,0,0,0,0,0,0,0,0,0,0,0,0,0,0.0
2026,1,00-0035631,Drew Sample,TE,CIN,TB,42.0,0.66,3,3,19,0,1,0.0882352941176471,0.0,0.132352941176471,0,0,0,0,0,0,0,0,0,0,0,0,0,0,3,3,4.9
2026,1,00-0035640,DK Metcalf,WR,PIT,ATL,64.0,0.96,10,4,40,0,2,0.27027027027027,0.501228501228501,0.756265356265356,0,0,0,0,0,0,0,0,0,0,0,0,0,0,4,10,8.0
2026,1,00-0035644,Noah Fant,TE,NO,DET,37.0,0.41,8,4,33,1,2,0.153846153846154,0.0993788819875776,0.300334448160535,0,0,0,0,0,0,0,0,0,0,0,0,0,0,4,8,13.3
2026,1,00-0035659,Terry McLaurin,WR,WAS,PHI,61.0,0.87,4,2,14,0,1,0.137931034482759,0.0694006309148265,0.255476993364516,0,0,0,0,0,0,0,0,0,0,0,0,0,0,2,4,3.4
2026,1,00-0035676,A.J. Brown,WR,NE,SEA,31.0,0.44,4,3,26,0,2,0.129032258064516,0.085972850678733,0.253729382571887,0,0,0,0,0,0,0,0,0,0,0,0,0,0,3,4,5.6
2026,1,00-0035685,David Montgomery,RB,HOU,BUF,39.0,0.49,3,3,19,1,1,0.0810810810810811,0.015527950310559,0.132491186839013,20,60,2,4,0,0,0,0,0,0,0,0,0,0,23,23,28.9
2026,1,00-0035689,Dawson Knox,TE,BUF,HOU,39.0,0.67,1,1,7,0,0,0.0357142857142857,0.0052219321148825,0.0572267810518463,0,0,0,0,0,0,0,0,0,0,0,0,0,0,1,1,1.7
2026,1,00-0035704,Drew Lock,QB,SEA,NE,45.0,0.9,0,0,0,0,0,0.0,0.0,0.0,2,13,0,0,22,16,187,1,0,0,0,0,0,0,2,2,12.78
2026,1,00-0035710,Daniel Jones,QB,IND,BAL,54.0,1.0,0,0,0,0,0,0.0,0.0,0.0,1,4,0,1,31,19,166,1,1,0,0,0,0,0,1,1,9.04
2026,1,00-0035719,Deebo Samuel Sr.,WR,SF,LA,27.0,0.42,7,6,48,1,3,0.205882352941176,0.114093959731544,0.388689301223845,1,12,0,1,0,0,0,0,0,0,0,0,0,0,7,8,18.0
2026,1,00-0035891,Cody White,WR,LV,MIA,,,1,0,0,0,0,0.0344827586206897,0.0132743362831858,0.0610161733292646,0,0,0,0,0,0,0,0,0,0,0,0,0,0,0,1,0.0
2026,1,00-0036040,Juwan Johnson,TE,NO,DET,76.0,0.84,7,3,54,1,3,0.134615384615385,0.159420289855072,0.313517279821628,0,0,0,0,0,0,0,0,0,0,0,0,0,0,3,7,14.4
2026,1,00-0036139,Rico Dowdle,RB,PIT,ATL,39.0,0.58,5,2,6,0,0,0.135135135135135,0.0098280098280098,0.20958230958231,8,15,0,0,0,0,0,0,0,0,0,0,0,0,10,13,4.1
2026,1,00-0036158,J.K. Dobbins,RB,DEN,KC,22.0,0.43,0,0,0,0,0,0.0,0.0,0.0,8,36,0,1,0,0,0,0,0,0,0,0,0,0,8,8,3.6
2026,1,00-0036223,Jonathan Taylor,RB,IND,BAL,48.0,0.89,4,3,23,0,0,0.137931034482759,0.0,0.206896551724138,19,98,2,7,0,0,0,0,0,0,1,1,0,0,22,23,25.1
2026,1,00-0036244,Colby Parkinson,TE,LA,SF,47.0,0.77,2,1,6,0,0,0.0740740740740741,0.0352941176470588,0.135816993464052,0,0,0,0,0,0,0,0,0,0,0,0,0,0,1,2,1.6
2026,1,00-0036252,Michael Pittman,WR,PIT,ATL,59.0,0.88,3,3,58,0,2,0.0810810810810811,0.0810810810810811,0.178378378378378,0,0,0,0,0,0,0,0,0,0,0,0,0,0,3,3,8.8
2026,1,00-0036259,Jauan Jennings,WR,MIN,GB,31.0,0.48,1,0,0,0,0,0.0434782608695652,0.170454545454545,0.18453557312253,0,0,0,0,0,0,0,0,0,0,0,0,0,0,0,1,0.0
2026,1,00-0036264,Jordan Love,QB,GB,MIN,68.0,1.0,0,0,0,0,0,0.0,0.0,0.0,1,0,0,0,42,21,387,2,1,0,2,1,0,0,1,1,19.48
2026,1,00-0036265,AJ Dillon,RB,CAR,CHI,7.0,0.1,0,0,0,0,0,0.0,0.0,0.0,5,28,0,1,0,0,0,0,0,0,0,0,0,0,5,5,2.8
2026,1,00-0036275,D'Andre Swift,RB,CHI,CAR,43.0,0.57,1,1,10,0,1,0.0384615384615385,0.0125391849529781,0.0664697371593923,18,124,3,5,0,0,0,0,0,0,0,0,0,0,19,19,32.4
2026,1,00-0036290,Cole Kmet,TE,CHI,CAR,43.0,0.57,3,2,35,1,2,0.115384615384615,0.147335423197492,0.276211719315168,0,0,0,0,0,0,0,0,0,0,0,0,0,0,2,3,11.5
2026,1,00-0036309,Darnell Mooney,WR,NYG,DAL,39.0,0.57,2,2,27,0,2,0.0689655172413793,0.102040816326531,0.17487684729064,0,0,0,0,0,0,0,0,0,0,0,0,0,0,2,2,4.7
2026,1,00-0036322,Justin Jefferson,WR,MIN,GB,60.0,0.92,9,8,92,2,5,0.391304347826087,0.454545454545455,0.905138339920949,0,0,0,0,0,0,0,0,0,1,0,0,0,0,8,9,31.2
2026,1,00-0036331,Devin Duvernay,WR,ARI,LAC,0.0,0.0,0,0,0,0,0,0.0,0.0,0.0,0,0,0,0,0,0,0,0,0,0,0,0,0,0,0,0,0.0
2026,1,00-0036355,Justin Herbert,QB,LAC,ARI,55.0,1.0,0,0,0,0,0,0.0,0.0,0.0,5,29,0,1,27,17,209,1,1,0,0,0,0,0,5,5,13.26
2026,1,00-0036358,CeeDee Lamb,WR,DAL,NYG,47.0,0.81,8,5,44,1,5,0.266666666666667,0.29126213592233,0.603883495145631,1,0,0,0,0,0,0,0,0,0,0,0,0,0,6,9,15.4
2026,1,00-0036389,Jalen Hurts,QB,PHI,WAS,55.0,1.0,0,0,0,0,0,0.0,0.0,0.0,7,46,0,2,25,14,203,3,0,0,0,0,0,0,7,7,24.72
2026,1,00-0036407,Jerry Jeudy,WR,CLE,JAX,32.0,0.63,4,2,26,0,1,0.181818181818182,0.175438596491228,0.395534290271132,0,0,0,0,0,0,0,0,0,0,0,0,0,0,2,4,4.6
2026,1,00-0036410,Tee Higgins,WR,CIN,TB,46.0,0.72,6,3,59,0,3,0.176470588235294,0.517699115044248,0.627095262883915,0,0,0,0,0,0,0,0,0,0,0,0,0,0,3,6,8.9
2026,1,00-0036422,Adam Trautman,TE,DEN,KC,19.0,0.37,3,2,10,0,0,0.111111111111111,-0.0108695652173913,0.159057971014493,0,0,0,0,0,0,0,0,0,0,0,0,0,0,2,3,3.0
2026,1,00-0036425,DeeJay Dallas,RB,MIN,GB,6.0,0.09,1,1,1,0,0,0.0434782608695652,0.0056818181818181,0.0691946640316206,0,0,0,0,0,0,0,0,0,0,0,0,0,0,1,1,1.1
2026,1,00-0036442,Joe Burrow,QB,CIN,TB,64.0,1.0,0,0,0,0,0,0.0,0.0,0.0,5,20,0,4,35,25,254,1,1,0,0,0,0,0,5,5,14.16
2026,1,00-0036463,Chris Blair,WR,ATL,PIT,10.0,0.17,0,0,0,0,0,0.0,0.0,0.0,0,0,0,0,0,0,0,0,0,0,0,0,0,0,0,0,0.0
2026,1,00-0036550,Rashod Bateman,WR,BAL,IND,53.0,0.78,1,0,0,0,0,0.0416666666666667,0.0855018587360595,0.122351301115242,0,0,0,0,0,0,0,0,0,0,0,0,0,0,0,1,0.0
2026,1,00-0036554,Nico Collins,WR,HOU,BUF,57.0,0.72,10,7,75,1,3,0.27027027027027,0.372670807453416,0.666274970622797,1,7,0,1,0,0,0,0,0,0,0,0,0,0,8,11,21.2
2026,1,00-0036555,Chuba Hubbard,RB,CAR,CHI,48.0,0.71,3,3,38,1,2,0.0882352941176471,0.0,0.132352941176471,10,49,1,2,0,0,0,0,0,0,0,0,0,0,13,13,23.7
2026,1,00-0036590,Quintin Morris,TE,JAX,CLE,24.0,0.42,1,0,0,0,0,0.0476190476190476,0.0082644628099173,0.0772136953955136,0,0,0,0,0,0,0,0,0,0,0,0,0,0,0,1,0.0
2026,1,00-0036613,Jaylen Waddle,WR,DEN,KC,38.0,0.75,3,1,2,0,0,0.111111111111111,0.141304347826087,0.265579710144928,0,0,0,0,0,0,0,0,0,0,0,0,0,0,1,3,1.2
2026,1,00-0036626,Dyami Brown,WR,WAS,PHI,37.0,0.53,2,0,0,0,0,0.0689655172413793,0.201892744479495,0.244773196997716,0,0,0,0,0,0,0,0,0,0,0,0,0,0,0,2,0.0
2026,1,00-0036628,John Bates,TE,WAS,PHI,34.0,0.49,3,2,13,0,0,0.103448275862069,0.0189274447949527,0.16842162514957,0,0,0,0,0,0,0,0,0,0,0,0,0,0,2,3,3.3
2026,1,00-0036637,Noah Gray,TE,KC,DEN,38.0,0.55,1,1,5,0,0,0.04,0.037593984962406,0.0863157894736842,0,0,0,0,0,0,0,0,0,0,0,0,0,0,1,1,1.5
2026,1,00-0036646,Simi Fehoko,WR,ARI,LAC,6.0,0.08,0,0,0,0,0,0.0,0.0,0.0,0,0,0,0,0,0,0,0,0,0,0,0,0,0,0,0,0.0
2026,1,00-0036754,Brock Wright,TE,DET,NO,39.0,0.51,1,1,5,0,0,0.0256410256410256,0.0096618357487922,0.0452248234856931,0,0,0,0,0,0,0,0,0,0,0,0,0,0,1,1,1.5
2026,1,00-0036825,Feleipe Franks,TE,CAR,CHI,5.0,0.07,0,0,0,0,0,0.0,0.0,0.0,0,0,0,0,0,0,0,0,0,0,0,0,0,0,0,0,0.0
2026,1,00-0036875,Rhamondre Stevenson,RB,NE,SEA,60.0,0.85,6,5,44,0,1,0.193548387096774,-0.0271493212669683,0.271318055758283,18,51,0,2,0,0,0,0,0,0,0,0,0,0,23,24,14.5
2026,1,00-0036887,Luke Farrell,TE,SF,LA,46.0,0.71,2,2,19,0,1,0.0588235294117647,0.0201342281879195,0.102329253849191,0,0,0,0,0,0,0,0,0,0,0,0,0,0,2,2,3.9
2026,1,00-0036894,Pat Freiermuth,TE,PIT,ATL,49.0,0.73,5,5,46,1,3,0.135135135135135,0.0515970515970516,0.238820638820639,0,0,0,0,0,0,0,0,0,0,0,0,0,0,5,5,15.6
2026,1,00-0036900,Ja'Marr Chase,WR,CIN,TB,60.0,0.94,4,2,12,0,1,0.117647058823529,0.150442477876106,0.281780322748568,0,0,0,0,0,0,0,0,0,0,0,0,0,0,2,4,3.2
2026,1,00-0036912,DeVonta Smith,WR,PHI,WAS,52.0,0.95,6,3,53,0,1,0.272727272727273,0.351111111111111,0.654868686868687,0,0,0,0,0,0,0,0,0,0,0,0,0,0,3,6,8.3
2026,1,00-0036919,Kenny Gainwell,RB,TB,CIN,26.0,0.46,1,1,3,0,0,0.037037037037037,-0.034965034965035,0.0310800310800311,5,15,0,1,0,0,0,0,0,0,0,0,0,0,6,6,2.8
2026,1,00-0036963,Amon-Ra St. Brown,WR,DET,NO,69.0,0.9,14,10,67,2,4,0.358974358974359,0.338164251207729,0.775176514306949,0,0,0,0,0,0,0,0,0,0,0,0,0,0,10,14,28.7
2026,1,00-0036970,Kyle Pitts,TE,ATL,PIT,38.0,0.63,1,0,0,0,0,0.0526315789473684,0.337662337662338,0.315311004784689,0,0,0,0,0,0,0,0,0,0,0,0,0,0,0,1,0.0
2026,1,00-0036971,Trevor Lawrence,QB,JAX,CLE,50.0,0.88,0,0,0,0,0,0.0,0.0,0.0,2,3,0,1,23,18,245,4,0,0,0,0,0,0,2,2,26.1
2026,1,00-0036973,Travis Etienne,RB,NO,DET,53.0,0.59,9,7,32,0,2,0.173076923076923,-0.0041407867494824,0.256716833890747,9,46,0,2,0,0,0,0,0,0,0,0,1,0,16,18,14.8
2026,1,00-0036988,Josh Palmer,WR,BUF,HOU,18.0,0.31,2,1,34,1,1,0.0714285714285714,0.161879895561358,0.220458784035808,0,0,0,0,0,0,0,0,0,0,0,0,0,0,1,2,10.4
2026,1,00-0036997,Javonte Williams,RB,DAL,NYG,41.0,0.71,5,5,31,1,2,0.166666666666667,-0.0355987055016181,0.225080906148867,12,41,1,2,0,0,0,0,0,0,0,0,0,0,17,17,24.2
2026,1,00-0037004,Hunter Long,TE,ARI,LAC,26.0,0.35,0,0,0,0,0,0.0,0.0,0.0,0,0,0,0,0,0,0,0,0,0,0,0,0,0,0,0,0.0
2026,1,00-0037005,Tommy Tremble,TE,CAR,CHI,38.0,0.56,5,3,25,0,2,0.147058823529412,0.0628415300546448,0.264577306332369,0,0,0,0,0,0,0,0,0,0,0,0,0,0,3,5,5.5
2026,1,00-0037091,Bo Melton,WR,GB,MIN,8.0,0.12,1,1,10,0,1,0.025,0.0213219616204691,0.0524253731343284,0,0,0,0,0,0,0,0,0,0,0,0,0,0,1,1,2.0
2026,1,00-0037093,Dareke Young,WR,LV,MIA,10.0,0.15,0,0,0,0,0,0.0,0.0,0.0,0,0,0,0,0,0,0,0,0,0,0,0,0,0,0,0,0.0
2026,1,00-0037132,Britain Covey,WR,PHI,WAS,0.0,0.0,0,0,0,0,0,0.0,0.0,0.0,0,0,0,0,0,0,0,0,0,0,0,0,0,0,0,0,0.0
2026,1,00-0037228,Jaylen Warren,RB,PIT,ATL,25.0,0.37,6,5,27,0,1,0.162162162162162,-0.0147420147420147,0.232923832923833,10,46,0,3,0,0,0,0,0,0,1,1,0,0,15,16,10.3
2026,1,00-0037238,Drake London,WR,ATL,PIT,59.0,0.98,4,2,29,0,1,0.210526315789474,0.285714285714286,0.51578947368421,1,6,0,0,0,0,0,0,0,0,0,0,0,0,3,5,5.5
2026,1,00-0037239,Chris Olave,WR,NO,DET,77.0,0.86,13,10,182,0,7,0.25,0.484472049689441,0.714130434782609,0,0,0,0,0,0,0,0,0,0,0,0,0,0,10,13,28.2
2026,1,00-0037240,Jameson Williams,WR,DET,NO,65.0,0.84,9,4,45,0,2,0.230769230769231,0.613526570048309,0.775622445187663,0,0,0,0,0,0,0,0,0,0,0,0,1,0,4,9,8.5
2026,1,00-0037247,George Pickens,WR,DAL,NYG,49.0,0.84,6,3,28,0,2,0.2,0.336569579288026,0.535598705501618,0,0,0,0,0,0,0,0,0,0,0,0,0,0,3,6,5.8
2026,1,00-0037248,James Cook,RB,BUF,HOU,42.0,0.72,4,3,12,0,2,0.142857142857143,-0.010443864229765,0.206975009324879,13,57,0,3,0,0,0,0,0,0,1,0,0,0,16,17,9.9
2026,1,00-0037252,Greg Dulcich,TE,MIA,LV,43.0,0.77,2,2,18,0,1,0.0740740740740741,0.0032362459546925,0.113376483279396,0,0,0,0,0,0,0,0,0,0,0,0,0,0,2,2,3.8
2026,1,00-0037256,Rachaad White,RB,WAS,PHI,29.0,0.41,2,2,5,0,0,0.0689655172413793,-0.0315457413249211,0.0813662569346242,7,22,0,1,0,0,0,0,0,0,0,0,0,0,9,9,4.7
2026,1,00-0037261,Khalil Shakir,WR,BUF,HOU,31.0,0.53,6,4,50,0,2,0.214285714285714,0.101827676240209,0.392707944796718,0,0,0,0,0,0,0,0,0,0,0,0,0,0,4,6,9.0
2026,1,00-0037263,Tyler Allgeier,RB,ARI,LAC,44.0,0.59,2,2,9,0,0,0.0540540540540541,-0.0176678445229682,0.0687135899150033,17,61,0,2,0,0,0,0,0,0,0,0,0,0,19,19,9.0
2026,1,00-0037291,Jalen Nailor,WR,LV,MIA,41.0,0.6,5,3,27,0,3,0.172413793103448,0.283185840707965,0.456850778150748,0,0,0,0,0,0,0,0,0,0,0,0,0,0,3,5,5.7
2026,1,00-0037292,Andrew Ogletree,TE,IND,BAL,6.0,0.11,1,0,0,0,0,0.0344827586206897,0.0149253731343284,0.0621718991250643,0,0,0,0,0,0,0,0,0,0,0,0,0,0,0,1,0.0
2026,1,00-0037317,Nick Muse,TE,ATL,PIT,5.0,0.08,0,0,0,0,0,0.0,0.0,0.0,0,0,0,0,0,0,0,0,0,0,0,0,0,0,0,0,0.0
2026,1,00-0037380,Kaden Davis,WR,CHI,CAR,10.0,0.13,0,0,0,0,0,0.0,0.0,0.0,0,0,0,0,0,0,0,0,0,0,0,0,1,0,0,0,0.0
2026,1,00-0037524,Tay Martin,WR,DET,NO,0.0,0.0,0,0,0,0,0,0.0,0.0,0.0,0,0,0,0,0,0,0,0,0,0,0,0,0,0,0,0,0.0
2026,1,00-0037525,Jordan Mason,RB,MIN,GB,29.0,0.45,0,0,0,0,0,0.0,0.0,0.0,15,59,1,2,0,0,0,0,0,0,0,0,0,0,15,15,11.9
2026,1,00-0037545,Rashid Shaheed,WR,SEA,NE,33.0,0.66,3,1,4,0,0,0.125,0.123376623376623,0.273863636363636,0,0,0,0,0,0,0,0,0,0,0,0,0,0,1,3,1.4
2026,1,00-0037557,Ronnie Rivers,RB,LA,SF,8.0,0.13,1,1,5,0,1,0.037037037037037,0.0078431372549019,0.0610457516339869,5,19,0,1,0,0,0,0,0,0,0,0,0,0,6,6,3.4
2026,1,00-0037664,Alec Pierce,WR,IND,BAL,32.0,0.59,6,4,61,0,4,0.206896551724138,0.512437810945274,0.669051295247899,0,0,0,0,0,0,0,0,0,0,0,0,0,0,4,6,10.1
2026,1,00-0037740,Garrett Wilson,WR,NYJ,TEN,50.0,0.75,7,6,79,0,3,0.304347826086957,0.458333333333333,0.777355072463768,0,0,0,0,0,0,0,0,0,0,0,0,0,0,6,7,13.9
2026,1,00-0037741,Jahan Dotson,WR,ATL,PIT,38.0,0.63,3,1,19,0,1,0.157894736842105,0.675324675324675,0.709569377990431,0,0,0,0,0,0,0,0,0,0,0,0,1,0,1,3,2.9
2026,1,00-0037744,Trey McBride,TE,ARI,LAC,60.0,0.8,13,9,95,1,6,0.351351351351351,0.314487632508834,0.747168369783211,0,0,0,0,0,0,0,0,0,0,0,0,0,0,9,13,24.5
2026,1,00-0037746,Brian Robinson,RB,ATL,PIT,15.0,0.25,0,0,0,0,0,0.0,0.0,0.0,9,31,0,2,0,0,0,0,0,0,0,0,0,0,9,9,3.1
2026,1,00-0037801,KaVontae Turpin,WR,DAL,NYG,8.0,0.14,1,1,8,0,1,0.0333333333333333,0.0032362459546925,0.0522653721682848,0,0,0,0,0,0,0,0,0,0,0,0,0,0,1,1,1.8
2026,1,00-0037805,Jeremy Ruckert,TE,NYJ,TEN,29.0,0.43,1,1,4,0,0,0.0434782608695652,0.0059523809523809,0.0693840579710145,0,0,0,0,0,0,0,0,0,0,0,0,0,0,1,1,1.4
2026,1,00-0037809,Chig Okonkwo,TE,WAS,PHI,39.0,0.56,3,2,16,0,1,0.103448275862069,0.123028391167192,0.241292287610138,0,0,0,0,0,0,0,0,0,0,0,0,0,0,2,3,3.6
2026,1,00-0037816,Romeo Doubs,WR,NE,SEA,40.0,0.56,3,0,0,0,0,0.0967741935483871,0.339366515837104,0.382717851408553,0,0,0,0,0,0,0,0,0,0,0,0,0,0,0,3,0.0
2026,1,00-0037834,Brock Purdy,QB,SF,LA,65.0,1.0,0,0,0,0,0,0.0,0.0,0.0,5,29,0,4,34,25,205,3,1,0,0,0,0,0,5,5,21.1
2026,1,00-0037838,Isaiah Likely,TE,NYG,DAL,34.0,0.49,8,8,78,2,6,0.275862068965517,0.261224489795918,0.596650246305419,0,0,0,0,0,0,0,0,0,0,1,0,0,0,8,8,27.8
2026,1,00-0037840,Kyren Williams,RB,LA,SF,39.0,0.64,3,3,24,0,1,0.111111111111111,0.0274509803921569,0.185882352941176,11,41,1,3,0,0,0,0,0,0,0,0,0,0,14,14,15.5
2026,1,00-0038041,Jake Ferguson,TE,DAL,NYG,44.0,0.76,2,2,6,0,0,0.0666666666666667,0.0194174757281553,0.113592233009709,0,0,0,0,0,0,0,0,0,0,0,0,0,0,2,2,2.6
2026,1,00-0038046,Charlie Kolar,TE,LAC,ARI,30.0,0.55,0,0,0,0,0,0.0,0.0,0.0,0,0,0,0,0,0,0,0,0,0,0,0,0,0,0,0,0.0
2026,1,00-0038090,Skyy Moore,WR,GB,MIN,4.0,0.06,1,0,0,0,0,0.025,0.0255863539445629,0.055410447761194,0,0,0,0,0,0,0,0,0,0,0,0,0,0,0,1,0.0
2026,1,00-0038102,Kenny Pickett,QB,CAR,CHI,7.0,0.1,0,0,0,0,0,0.0,0.0,0.0,1,24,0,1,1,0,0,0,0,0,0,0,0,0,1,1,2.4
2026,1,00-0038104,Tyquan Thornton,WR,KC,DEN,47.0,0.68,1,0,0,0,0,0.04,0.270676691729323,0.249473684210526,0,0,0,0,0,0,0,0,0,0,0,0,0,0,0,1,0.0
2026,1,00-0038115,Daniel Bellinger,TE,TEN,NYJ,14.0,0.28,1,1,7,0,0,0.0357142857142857,0.0052631578947368,0.0572556390977444,0,0,0,0,0,0,0,0,0,0,0,0,0,0,1,1,1.7
2026,1,00-0038117,Wan'Dale Robinson,WR,TEN,NYJ,41.0,0.82,6,5,38,0,3,0.214285714285714,0.121052631578947,0.406165413533835,0,0,0,0,0,0,0,0,0,0,0,0,0,0,5,6,8.8
2026,1,00-0038120,Breece Hall,RB,NYJ,TEN,39.0,0.58,2,2,16,0,0,0.0869565217391304,0.0178571428571429,0.142934782608696,22,102,1,7,0,0,0,0,0,0,0,0,0,0,24,24,19.8
2026,1,00-0038124,Christian Watson,WR,GB,MIN,52.0,0.76,8,6,147,2,5,0.2,0.270788912579957,0.48955223880597,0,0,0,0,0,0,0,0,0,0,0,0,0,0,6,8,32.7
2026,1,00-0038128,Malik Willis,QB,MIA,LV,56.0,1.0,0,0,0,0,0,0.0,0.0,0.0,6,39,1,2,27,15,220,0,1,0,1,0,0,0,6,6,16.7
2026,1,00-0038129,Cade Otton,TE,TB,CIN,56.0,0.98,5,3,26,0,3,0.185185185185185,0.223776223776224,0.434421134421134,0,0,0,0,0,0,0,0,0,0,0,0,0,0,3,5,5.6
2026,1,00-0038134,Kenneth Walker III,RB,KC,DEN,47.0,0.68,6,3,18,1,2,0.24,-0.0150375939849624,0.349473684210526,23,173,1,8,0,0,0,0,0,0,0,0,0,0,26,29,34.1
2026,1,00-0038359,Xavier Smith,WR,LA,SF,16.0,0.26,0,0,0,0,0,0.0,0.0,0.0,0,0,0,0,0,0,0,0,0,0,0,0,0,0,0,0,0.0
2026,1,00-0038393,Dontayvion Wicks,WR,PHI,WAS,50.0,0.91,4,2,73,1,2,0.181818181818182,0.351111111111111,0.518505050505051,0,0,0,0,0,0,0,0,0,0,0,0,0,0,2,4,15.3
2026,1,00-0038454,Keaton Mitchell,RB,LAC,ARI,17.0,0.31,0,0,0,0,0,0.0,0.0,0.0,4,9,0,0,0,0,0,0,0,0,0,0,0,0,4,4,0.9
2026,1,00-0038488,Brady Russell,RB,SEA,NE,17.0,0.34,2,2,20,0,1,0.0833333333333333,0.038961038961039,0.152272727272727,0,0,0,0,0,0,0,0,0,0,0,0,0,0,2,2,4.0
2026,1,00-0038489,Ben VanSumeren,RB,KC,DEN,3.0,0.04,0,0,0,0,0,0.0,0.0,0.0,0,0,0,0,0,0,0,0,0,0,0,0,0,0,0,0,0.0
2026,1,00-0038519,Nikko Remigio,WR,KC,DEN,0.0,0.0,0,0,0,0,0,0.0,0.0,0.0,0,0,0,0,0,0,0,0,0,0,0,0,0,0,0,0,0.0
2026,1,00-0038542,Bijan Robinson,RB,ATL,PIT,46.0,0.77,10,8,90,1,2,0.526315789473684,-0.38961038961039,0.516746411483254,21,83,0,7,0,0,0,0,0,0,2,0,1,0,29,31,31.3
2026,1,00-0038543,Jaxon Smith-Njigba,WR,SEA,NE,45.0,0.9,11,8,122,1,5,0.458333333333333,0.493506493506494,1.03295454545455,0,0,0,0,0,0,0,0,0,0,0,0,0,0,8,11,26.2
2026,1,00-0038544,Quentin Johnston,WR,LAC,ARI,43.0,0.78,6,2,17,0,0,0.222222222222222,0.142857142857143,0.433333333333333,0,0,0,0,0,0,0,0,0,0,0,0,0,0,2,6,3.7
2026,1,00-0038547,Luke Schoonmaker,TE,DAL,NYG,13.0,0.22,1,1,12,0,0,0.0333333333333333,0.0388349514563107,0.0771844660194175,0,0,0,0,0,0,0,0,0,0,0,0,0,0,1,1,2.2
2026,1,00-0038551,Kendre Miller,RB,NO,DET,26.0,0.29,0,0,0,0,0,0.0,0.0,0.0,9,30,1,2,0,0,0,0,0,0,0,0,0,0,9,9,9.0
2026,1,00-0038555,Tank Bigsby,RB,PHI,WAS,6.0,0.11,0,0,0,0,0,0.0,0.0,0.0,1,3,0,0,0,0,0,0,0,0,0,0,0,0,1,1,0.3
2026,1,00-0038558,Darnell Washington,TE,PIT,ATL,43.0,0.64,2,2,18,0,1,0.0540540540540541,0.0147420147420147,0.0914004914004914,0,0,0,0,0,0,0,0,0,0,0,0,0,0,2,2,3.8
2026,1,00-0038559,Michael Wilson,WR,ARI,LAC,64.0,0.85,7,5,56,0,3,0.189189189189189,0.293286219081272,0.489084137140674,0,0,0,0,0,0,0,0,0,0,0,0,0,0,5,7,10.6
2026,1,00-0038563,Tre Tucker,WR,LV,MIA,48.0,0.71,4,2,27,0,1,0.137931034482759,0.221238938053097,0.361763808361306,0,0,0,0,0,0,0,0,0,0,0,0,0,0,2,4,4.7
2026,1,00-0038573,Derius Davis,WR,LAC,ARI,10.0,0.18,1,0,0,0,0,0.037037037037037,0.201465201465201,0.196581196581197,0,0,0,0,0,0,0,0,0,0,0,0,0,0,0,1,0.0
2026,1,00-0038597,Chase Brown,RB,CIN,TB,46.0,0.72,6,5,22,0,0,0.176470588235294,-0.0530973451327434,0.227537740760021,16,56,1,4,0,0,0,0,0,0,0,0,0,0,21,22,18.8
2026,1,00-0038606,Parker Washington,WR,JAX,CLE,35.0,0.61,6,5,83,1,4,0.285714285714286,0.421487603305785,0.723612750885478,0,0,0,0,0,0,0,0,0,0,0,0,0,0,5,6,19.3
2026,1,00-0038608,Kayshon Boutte,WR,HOU,BUF,36.0,0.46,2,1,21,0,1,0.0540540540540541,0.0993788819875776,0.150646298472385,0,0,0,0,0,0,0,0,0,0,0,0,0,0,1,2,3.1
2026,1,00-0038611,Chris Rodriguez Jr.,RB,JAX,CLE,23.0,0.4,0,0,0,0,0,0.0,0.0,0.0,6,23,0,1,0,0,0,0,0,0,0,0,0,0,6,6,2.3
2026,1,00-0038618,Xavier Hutchinson,WR,HOU,BUF,44.0,0.56,6,3,32,0,1,0.162162162162162,0.177018633540373,0.367156286721504,0,0,0,0,0,0,0,0,0,0,0,0,0,0,3,6,6.2
2026,1,00-0038619,Andrei Iosivas,WR,CIN,TB,39.0,0.61,3,2,12,0,1,0.0882352941176471,0.0663716814159292,0.178813118167621,0,0,0,0,0,0,0,0,0,0,0,0,0,0,2,3,3.2
2026,1,00-0038621,DeMario Douglas,WR,NE,SEA,44.0,0.62,7,5,20,0,2,0.225806451612903,0.199095022624434,0.478076193256459,0,0,0,0,0,0,0,0,0,0,0,0,0,0,5,7,7.0
2026,1,00-0038685,Chris Brooks,RB,GB,MIN,38.0,0.56,1,0,0,0,0,0.025,-0.0127931769722814,0.028544776119403,7,29,0,1,0,0,0,0,0,0,0,0,0,0,7,8,2.9
2026,1,00-0038705,Emari Demercado,RB,DAL,NYG,5.0,0.09,0,0,0,0,0,0.0,0.0,0.0,2,7,0,0,0,0,0,0,0,0,0,0,0,0,2,2,0.7
2026,1,00-0038710,Blake Whiteheart,TE,CLE,JAX,20.0,0.39,1,1,14,0,1,0.0454545454545455,0.0263157894736842,0.0866028708133971,0,0,0,0,0,0,0,0,0,0,0,0,0,0,1,1,2.4
2026,1,00-0038728,Jared Wayne,WR,HOU,BUF,25.0,0.32,1,1,12,0,1,0.027027027027027,0.0372670807453416,0.0666274970622797,0,0,0,0,0,0,0,0,0,0,0,0,0,0,1,1,2.2
2026,1,00-0038738,Hunter Luepke,RB,DAL,NYG,15.0,0.26,0,0,0,0,0,0.0,0.0,0.0,1,7,0,1,0,0,0,0,0,0,0,0,0,0,1,1,0.7
2026,1,00-0038783,Nate Adkins,TE,DEN,KC,13.0,0.25,0,0,0,0,0,0.0,0.0,0.0,0,0,0,0,0,0,0,0,0,0,0,0,0,0,0,0,0.0
2026,1,00-0038797,Emanuel Wilson,RB,SEA,NE,3.0,0.06,0,0,0,0,0,0.0,0.0,0.0,2,3,0,0,0,0,0,0,0,0,0,0,0,0,2,2,0.3
2026,1,00-0038840,Brycen Tremayne,WR,CAR,CHI,12.0,0.18,0,0,0,0,0,0.0,0.0,0.0,0,0,0,0,0,0,0,0,0,0,0,0,0,0,0,0,0.0
2026,1,00-0038896,Jacob Saylors,RB,DET,NO,0.0,0.0,0,0,0,0,0,0.0,0.0,0.0,0,0,0,0,0,0,0,0,0,0,0,0,0,0,0,0,0.0
2026,1,00-0038933,Dalton Kincaid,TE,BUF,HOU,42.0,0.72,6,5,130,0,4,0.214285714285714,0.255874673629243,0.500540842969041,0,0,0,0,0,0,0,0,0,0,0,0,0,0,5,6,18.0
2026,1,00-0038935,Brenton Strange,TE,JAX,CLE,39.0,0.68,3,2,23,1,1,0.142857142857143,0.140495867768595,0.312632821723731,0,0,0,0,0,0,0,0,0,0,0,0,0,0,2,3,10.3
2026,1,00-0038976,Marvin Mims Jr.,WR,DEN,KC,9.0,0.18,0,0,0,0,0,0.0,0.0,0.0,0,0,0,0,0,0,0,0,0,0,0,0,0,0,0,0,0.0
2026,1,00-0038994,Jordan Addison,WR,MIN,GB,54.0,0.83,2,0,0,0,0,0.0869565217391304,0.153409090909091,0.237821146245059,0,0,0,0,0,0,0,0,0,0,0,0,0,0,0,2,0.0
2026,1,00-0038996,Tucker Kraft,TE,GB,MIN,45.0,0.66,6,3,65,0,3,0.15,0.174840085287846,0.347388059701493,0,0,0,0,0,0,0,0,0,0,0,0,0,0,3,6,9.5
2026,1,00-0038997,Josh Downs,WR,IND,BAL,48.0,0.89,4,2,37,0,2,0.137931034482759,0.17910447761194,0.332269686052496,0,0,0,0,0,0,0,0,0,0,0,0,0,0,2,4,5.7
2026,1,00-0039021,Roschon Johnson,RB,CHI,CAR,0.0,0.0,0,0,0,0,0,0.0,0.0,0.0,0,0,0,0,0,0,0,0,0,0,0,0,0,0,0,0,0.0
2026,1,00-0039032,Tyjae Spears,RB,TEN,NYJ,25.0,0.5,4,2,12,0,0,0.142857142857143,-0.0631578947368421,0.170075187969925,3,12,0,1,0,0,0,0,0,0,0,0,0,0,5,7,4.4
2026,1,00-0039040,De'Von Achane,RB,MIA,LV,48.0,0.86,5,4,30,0,1,0.185185185185185,0.0129449838187702,0.286839266450917,11,36,0,2,0,0,0,0,0,0,0,0,0,0,15,16,10.6
2026,1,00-0039062,Jonathan Mingo,WR,DAL,NYG,11.0,0.19,1,1,10,0,1,0.0333333333333333,0.0355987055016181,0.0749190938511327,0,0,0,0,0,0,0,0,0,0,0,0,0,0,1,1,2.0
2026,1,00-0039064,Zay Flowers,WR,BAL,IND,20.0,0.29,6,5,150,1,5,0.25,0.338289962825279,0.611802973977695,0,0,0,0,0,0,0,0,0,0,0,0,0,0,5,6,26.0
2026,1,00-0039065,Sam LaPorta,TE,DET,NO,62.0,0.81,8,5,48,0,2,0.205128205128205,0.0338164251207729,0.331363805276849,0,0,0,0,0,0,0,0,0,0,0,0,0,0,5,8,9.8
2026,1,00-0039066,Michael Mayer,TE,LV,MIA,55.0,0.81,7,6,32,0,3,0.241379310344828,0.123893805309735,0.448794629234056,0,0,0,0,0,0,0,0,0,0,0,0,0,0,6,7,9.2
2026,1,00-0039067,Rashee Rice,WR,KC,DEN,57.0,0.83,2,2,19,1,1,0.08,0.0451127819548872,0.151578947368421,0,0,0,0,0,0,0,0,0,0,0,0,0,0,2,2,9.9
2026,1,00-0039074,Davis Allen,TE,LA,SF,21.0,0.34,1,1,13,0,1,0.037037037037037,-0.0039215686274509,0.0528104575163399,0,0,0,0,0,0,0,0,0,0,0,0,0,0,1,1,2.3
2026,1,00-0039075,Puka Nacua,WR,LA,SF,43.0,0.7,9,5,74,0,2,0.333333333333333,0.450980392156863,0.815686274509804,0,0,0,0,0,0,0,0,0,0,0,0,0,0,5,9,12.4
2026,1,00-0039107,Stetson Bennett,QB,LA,SF,10.0,0.16,0,0,0,0,0,0.0,0.0,0.0,1,9,0,1,3,2,13,0,0,0,0,0,0,0,1,1,1.42
2026,1,00-0039139,Jahmyr Gibbs,RB,DET,NO,57.0,0.74,5,5,30,0,1,0.128205128205128,-0.0193236714975845,0.178781122259383,29,156,2,14,0,0,0,0,0,0,1,1,0,0,34,34,33.6
2026,1,00-0039146,Jayden Reed,WR,GB,MIN,39.0,0.57,7,3,20,0,1,0.175,0.106609808102345,0.337126865671642,0,0,0,0,0,0,0,0,0,0,0,0,0,0,3,7,5.0
2026,1,00-0039150,Bryce Young,QB,CAR,CHI,61.0,0.9,0,0,0,0,0,0.0,0.0,0.0,2,10,1,1,37,23,361,3,1,0,0,0,0,0,2,2,31.44
2026,1,00-0039163,C.J. Stroud,QB,HOU,BUF,79.0,1.0,0,0,0,0,0,0.0,0.0,0.0,2,15,0,1,38,26,274,2,0,0,2,2,0,0,2,2,16.46
2026,1,00-0039299,George Holani,RB,SEA,NE,23.0,0.46,1,0,0,0,0,0.0416666666666667,0.038961038961039,0.0897727272727273,8,29,0,0,0,0,0,0,0,0,0,0,0,0,8,9,2.9
2026,1,00-0039337,Malik Nabers,WR,NYG,DAL,36.0,0.52,9,6,69,0,3,0.310344827586207,0.420408163265306,0.759802955665025,0,0,0,0,0,0,0,0,0,0,0,0,0,0,6,9,12.9
2026,1,00-0039342,Xavier Legette,WR,CAR,CHI,36.0,0.53,2,0,0,0,0,0.0588235294117647,0.0546448087431694,0.126486660237866,0,0,0,0,0,0,0,0,0,0,0,0,0,0,0,2,0.0
2026,1,00-0039344,Jonathon Brooks,RB,CAR,CHI,13.0,0.19,2,1,48,0,1,0.0588235294117647,0.0819672131147541,0.145612343297975,4,14,0,0,0,0,0,0,0,0,0,0,0,0,5,6,7.2
2026,1,00-0039359,Cade Stover,TE,HOU,BUF,24.0,0.3,1,1,-2,0,0,0.027027027027027,-0.0062111801242236,0.036192714453584,0,0,0,0,0,0,0,0,0,0,0,0,0,0,1,1,0.8
2026,1,00-0039361,Bucky Irving,RB,TB,CIN,35.0,0.61,7,7,48,0,2,0.259259259259259,-0.174825174825175,0.266511266511266,8,45,1,3,0,0,0,0,0,0,1,1,0,0,15,15,20.3
2026,1,00-0039364,Sione Vaki,RB,DET,NO,22.0,0.29,1,1,11,0,1,0.0256410256410256,0.0096618357487922,0.0452248234856931,2,7,0,0,0,0,0,0,0,0,0,0,0,0,3,3,2.8
2026,1,00-0039365,Jacob Cowing,WR,SF,LA,5.0,0.08,0,0,0,0,0,0.0,0.0,0.0,0,0,0,0,0,0,0,0,0,0,0,0,0,0,0,0,0.0
2026,1,00-0039384,Tyrone Tracy Jr.,RB,NYG,DAL,2.0,0.03,0,0,0,0,0,0.0,0.0,0.0,2,14,0,1,0,0,0,0,0,0,1,1,0,0,2,2,-0.6
2026,1,00-0039407,Dylan Laube,RB,LV,MIA,10.0,0.15,0,0,0,0,0,0.0,0.0,0.0,0,0,0,0,0,0,0,0,0,0,0,0,0,0,0,0,0.0
2026,1,00-0039410,Ryan Flournoy,WR,DAL,NYG,41.0,0.71,4,2,22,0,1,0.133333333333333,0.0744336569579288,0.25210355987055,0,0,0,0,0,0,0,0,0,0,0,0,0,0,2,4,4.2
2026,1,00-0039424,Devaughn Vele,WR,NO,DET,82.0,0.91,9,7,69,1,3,0.173076923076923,0.130434782608696,0.350919732441472,0,0,0,0,0,0,0,0,0,0,0,0,0,0,7,9,19.9
2026,1,00-0039451,Isaiah Williams,WR,NYJ,TEN,40.0,0.6,1,1,7,0,1,0.0434782608695652,0.0416666666666667,0.0943840579710145,0,0,0,0,0,0,0,0,0,0,0,0,0,0,1,1,1.7
2026,1,00-0039471,Frank Gore Jr.,RB,BUF,HOU,11.0,0.19,0,0,0,0,0,0.0,0.0,0.0,1,3,0,0,0,0,0,0,0,0,0,0,0,0,1,1,0.3
2026,1,00-0039491,Jalen Coker,WR,CAR,CHI,57.0,0.84,9,8,138,2,6,0.264705882352941,0.33879781420765,0.634217293474767,0,0,0,0,0,0,0,0,0,0,0,0,0,0,8,9,33.8
2026,1,00-0039518,Treyton Welch,TE,NO,DET,,,0,0,0,0,0,0.0,0.0,0.0,0,0,0,0,0,0,0,0,0,0,0,0,0,0,0,0,0.0
2026,1,00-0039530,Brevyn Spann-Ford,TE,DAL,NYG,13.0,0.22,2,2,14,0,0,0.0666666666666667,0.0194174757281553,0.113592233009709,0,0,0,0,0,0,0,0,0,0,0,0,0,0,2,2,3.4
2026,1,00-0039589,Kameron Johnson,WR,TB,CIN,5.0,0.09,0,0,0,0,0,0.0,0.0,0.0,0,0,0,0,0,0,0,0,0,0,0,0,0,0,0,0,0.0
2026,1,00-0039686,Colson Yankoff,TE,WAS,PHI,2.0,0.03,0,0,0,0,0,0.0,0.0,0.0,0,0,0,0,0,0,0,0,0,0,0,0,0,0,0,0,0.0
2026,1,00-0039732,Bo Nix,QB,DEN,KC,51.0,1.0,0,0,0,0,0,0.0,0.0,0.0,3,2,0,0,28,17,131,1,1,0,3,1,1,0,3,3,5.44
2026,1,00-0039738,Blake Corum,RB,LA,SF,14.0,0.23,0,0,0,0,0,0.0,0.0,0.0,10,54,0,2,0,0,0,0,0,0,0,0,0,0,10,10,5.4
2026,1,00-0039739,Roman Wilson,WR,PIT,ATL,37.0,0.55,6,3,26,0,1,0.162162162162162,0.30958230958231,0.45995085995086,0,0,0,0,0,0,0,0,0,0,0,0,0,0,3,6,5.6
2026,1,00-0039746,Will Shipley,RB,PHI,WAS,10.0,0.18,1,1,8,0,0,0.0454545454545455,0.0266666666666667,0.0868484848484848,2,4,0,0,0,0,0,0,0,0,0,0,0,0,3,3,2.2
2026,1,00-0039751,Jordan Whittington,WR,LA,SF,25.0,0.41,1,1,8,0,0,0.037037037037037,0.0313725490196078,0.077516339869281,0,0,0,0,0,0,0,0,0,0,1,0,1,0,1,1,1.8
2026,1,00-0039793,AJ Barner,TE,SEA,NE,44.0,0.88,2,2,13,0,1,0.0833333333333333,-0.0064935064935064,0.120454545454545,0,0,0,0,0,0,0,0,0,0,0,0,0,0,2,2,3.3
2026,1,00-0039794,Braelon Allen,RB,NYJ,TEN,27.0,0.4,1,0,0,0,0,0.0434782608695652,0.0,0.0652173913043478,10,40,0,3,0,0,0,0,0,0,0,0,0,0,10,11,4.0
2026,1,00-0039796,Rasheen Ali,RB,BAL,IND,0.0,0.0,0,0,0,0,0,0.0,0.0,0.0,0,0,0,0,0,0,0,0,0,0,0,0,0,0,0,0,0.0
2026,1,00-0039811,MarShawn Lloyd,RB,GB,MIN,30.0,0.44,1,0,0,0,0,0.025,0.0383795309168444,0.0643656716417911,13,37,0,2,0,0,0,0,0,0,0,0,0,0,13,14,3.7
2026,1,00-0039847,Theo Johnson,TE,NYG,DAL,32.0,0.46,1,1,9,0,0,0.0344827586206897,0.0081632653061224,0.0574384236453202,0,0,0,0,0,0,0,0,0,0,0,0,0,0,1,1,1.9
2026,1,00-0039849,Marvin Harrison Jr.,WR,ARI,LAC,59.0,0.79,3,1,33,0,1,0.0810810810810811,0.250883392226148,0.297239996179925,0,0,0,0,0,0,0,0,0,0,0,0,0,0,1,3,4.3
2026,1,00-0039851,Drake Maye,QB,NE,SEA,71.0,1.0,0,0,0,0,0,0.0,0.0,0.0,7,47,0,5,33,23,178,1,3,0,0,0,0,0,7,7,9.82
2026,1,00-0039868,Troy Franklin,WR,DEN,KC,17.0,0.33,1,0,0,0,0,0.037037037037037,0.33695652173913,0.291425120772947,1,5,0,0,0,0,0,0,0,0,0,0,0,0,1,2,0.5
2026,1,00-0039874,Jaylen Wright,RB,MIA,LV,4.0,0.07,0,0,0,0,0,0.0,0.0,0.0,1,-1,0,0,0,0,0,0,0,0,0,0,0,0,1,1,-0.1
2026,1,00-0039875,Ray Davis,RB,BUF,HOU,5.0,0.09,0,0,0,0,0,0.0,0.0,0.0,1,3,0,0,0,0,0,0,0,0,0,0,0,0,1,1,0.3
2026,1,00-0039880,Malik Washington,WR,MIA,LV,55.0,0.98,8,3,53,0,1,0.296296296296296,0.436893203883495,0.750269687162891,0,0,0,0,0,0,0,0,0,0,1,1,0,0,3,8,6.3
2026,1,00-0039890,Adonai Mitchell,WR,NYJ,TEN,46.0,0.69,3,3,60,0,2,0.130434782608696,0.351190476190476,0.441485507246377,0,0,0,0,0,0,0,0,0,0,0,0,0,0,3,3,9.0
2026,1,00-0039893,Brian Thomas Jr.,WR,JAX,CLE,20.0,0.35,3,3,40,0,3,0.142857142857143,0.181818181818182,0.341558441558442,0,0,0,0,0,0,0,0,0,0,1,0,0,0,3,3,7.0
2026,1,00-0039894,Xavier Worthy,WR,KC,DEN,53.0,0.77,6,3,18,0,1,0.24,0.315789473684211,0.581052631578947,0,0,0,0,0,0,0,0,0,0,0,0,0,0,3,6,4.8
2026,1,00-0039901,Keon Coleman,WR,BUF,HOU,29.0,0.5,1,1,1,0,0,0.0357142857142857,0.010443864229765,0.0608821335322641,0,0,0,0,0,0,0,0,0,0,0,0,0,0,1,1,1.1
2026,1,00-0039910,Jayden Daniels,QB,WAS,PHI,70.0,1.0,0,0,0,0,0,0.0,0.0,0.0,5,31,0,1,34,18,164,2,0,0,0,0,0,0,5,5,17.66
2026,1,00-0039915,Ladd McConkey,WR,LAC,ARI,27.0,0.49,7,5,82,1,5,0.259259259259259,0.355311355311355,0.637606837606838,0,0,0,0,0,0,0,0,0,0,0,0,0,0,5,7,19.2
2026,1,00-0039918,Caleb Williams,QB,CHI,CAR,75.0,1.0,0,0,0,0,0,0.0,0.0,0.0,10,65,2,4,29,21,269,2,0,0,0,0,0,0,10,10,37.26
2026,1,00-0039919,Rome Odunze,WR,CHI,CAR,36.0,0.48,3,2,52,0,1,0.115384615384615,0.282131661442006,0.370569086086327,0,0,0,0,0,0,0,0,0,0,0,0,0,0,2,3,7.2
2026,1,00-0039920,Malachi Corley,WR,CLE,JAX,0.0,0.0,0,0,0,0,0,0.0,0.0,0.0,0,0,0,0,0,0,0,0,0,0,0,0,0,0,0,0,0.0
2026,1,00-0040024,Darius Cooper,WR,PHI,WAS,8.0,0.15,0,0,0,0,0,0.0,0.0,0.0,0,0,0,0,0,0,0,0,0,0,0,0,0,0,0,0,0.0
2026,1,00-0040075,LaJohntay Wester,WR,BAL,IND,20.0,0.29,2,2,15,0,0,0.0833333333333333,0.0408921933085502,0.153624535315985,0,0,0,0,0,0,0,0,0,0,0,0,0,0,2,2,3.5
2026,1,00-0040081,Jake Briningstool,TE,KC,DEN,13.0,0.19,1,1,9,0,0,0.04,0.0300751879699248,0.0810526315789474,0,0,0,0,0,0,0,0,0,0,0,0,0,0,1,1,1.9
2026,1,00-0040122,Ashton Jeanty,RB,LV,MIA,50.0,0.74,6,6,45,2,2,0.206896551724138,0.079646017699115,0.366097039975587,23,102,0,7,0,0,0,0,0,0,0,0,0,0,29,29,32.7
2026,1,00-0040124,Tetairoa McMillan,WR,CAR,CHI,56.0,0.82,8,5,75,0,4,0.235294117647059,0.325136612021858,0.580536804885889,0,0,0,0,0,0,0,0,0,0,1,1,0,0,5,8,10.5
2026,1,00-0040126,Colston Loveland,TE,CHI,CAR,65.0,0.87,2,0,0,0,0,0.0769230769230769,0.0940438871473354,0.18121533638775,0,0,0,0,0,0,0,0,0,0,0,0,0,0,0,2,0.0
2026,1,00-0040128,Tyler Warren,TE,IND,BAL,50.0,0.93,5,3,13,1,1,0.172413793103448,0.114427860696517,0.338720192142735,0,0,0,0,0,0,0,0,0,0,0,0,0,0,3,5,10.3
2026,1,00-0040129,Emeka Egbuka,WR,TB,CIN,49.0,0.86,6,5,63,0,3,0.222222222222222,0.587412587412587,0.744522144522145,0,0,0,0,0,0,0,0,0,0,0,0,0,0,5,6,11.3
2026,1,00-0040131,Kyle Williams,WR,NE,SEA,12.0,0.17,0,0,0,0,0,0.0,0.0,0.0,0,0,0,0,0,0,0,0,0,0,0,0,0,0,0,0,0.0
2026,1,00-0040134,Pat Bryant,WR,DEN,KC,30.0,0.59,6,4,42,0,3,0.222222222222222,0.271739130434783,0.523550724637681,0,0,0,0,0,0,0,0,0,0,0,0,0,0,4,6,8.2
2026,1,00-0040138,Jaylin Noel,WR,HOU,BUF,24.0,0.3,2,2,53,0,2,0.0540540540540541,0.0807453416149068,0.137602820211516,0,0,0,0,0,0,0,0,0,0,0,0,0,0,2,2,7.3
2026,1,00-0040142,Kaleb Johnson,RB,GB,MIN,0.0,0.0,0,0,0,0,0,0.0,0.0,0.0,0,0,0,0,0,0,0,0,0,0,0,0,0,0,0,0,0.0
2026,1,00-0040162,Dylan Sampson,RB,CLE,JAX,0.0,0.0,0,0,0,0,0,0.0,0.0,0.0,0,0,0,0,0,0,0,0,0,0,0,0,0,0,0,0,0.0
2026,1,00-0040164,Jaylin Lane,WR,WAS,PHI,18.0,0.26,1,1,4,0,0,0.0344827586206897,0.0126182965299685,0.0605569455020124,0,0,0,0,0,0,0,0,0,0,0,0,0,0,1,1,1.4
2026,1,00-0040170,Elic Ayomanor,WR,TEN,NYJ,26.0,0.52,3,1,11,1,1,0.107142857142857,0.215789473684211,0.311766917293233,0,0,0,0,0,0,0,0,0,0,0,0,0,0,1,3,8.1
2026,1,00-0040187,Mitchell Evans,TE,CAR,CHI,27.0,0.4,2,1,9,0,0,0.0588235294117647,0.0245901639344262,0.105448408871745,0,0,0,0,0,0,0,0,0,0,0,0,0,0,1,2,1.9
2026,1,00-0040189,Oronde Gadsden II,TE,LAC,ARI,10.0,0.18,2,2,32,0,1,0.0740740740740741,0.0256410256410256,0.129059829059829,0,0,0,0,0,0,0,0,0,0,0,0,0,0,2,2,5.2
2026,1,00-0040208,Tahj Brooks,RB,CIN,TB,2.0,0.03,0,0,0,0,0,0.0,0.0,0.0,0,0,0,0,0,0,0,0,0,0,0,0,0,0,0,0,0.0
2026,1,00-0040218,Jimmy Horn Jr.,WR,CAR,CHI,14.0,0.21,1,0,0,0,0,0.0294117647058824,0.0081967213114754,0.0498553519768563,0,0,0,0,0,0,0,0,0,0,1,1,0,0,0,1,0.0
2026,1,00-0040236,Kyle Monangai,RB,CHI,CAR,32.0,0.43,2,2,24,0,1,0.0769230769230769,0.0282131661442006,0.135133831685556,10,100,1,2,0,0,0,0,0,0,0,0,0,0,12,12,20.4
2026,1,00-0040237,Tez Johnson,WR,TB,CIN,13.0,0.23,1,0,0,0,0,0.037037037037037,0.0629370629370629,0.0996114996114996,1,-4,0,0,0,0,0,0,0,0,0,0,0,0,1,2,-0.4
2026,1,00-0040242,Jacory Croskey-Merritt,RB,WAS,PHI,34.0,0.49,1,1,-7,0,0,0.0344827586206897,-0.0220820189274448,0.0362667246818231,16,63,1,7,0,0,0,0,0,0,1,0,0,0,17,17,12.6
2026,1,00-0040277,Jahdae Walker,WR,CHI,CAR,34.0,0.45,1,1,1,1,1,0.0384615384615385,0.0031347962382445,0.0598866650590789,0,0,0,0,0,0,0,0,0,0,0,0,0,0,1,1,7.1
2026,1,00-0040363,Keleki Latu,TE,BUF,HOU,4.0,0.07,0,0,0,0,0,0.0,0.0,0.0,0,0,0,0,0,0,0,0,0,0,0,0,0,0,0,0,0.0
2026,1,00-0040429,Josh Williams,RB,TB,CIN,0.0,0.0,0,0,0,0,0,0.0,0.0,0.0,0,0,0,0,0,0,0,0,0,0,0,0,0,0,0,0,0.0
2026,1,00-0040466,Raheim Sanders,RB,CLE,JAX,18.0,0.35,3,3,25,0,1,0.136363636363636,-0.0263157894736842,0.186124401913876,1,1,0,0,0,0,0,0,0,0,0,0,0,0,4,4,5.6
2026,1,00-0040506,Myles Price,WR,MIN,GB,3.0,0.05,0,0,0,0,0,0.0,0.0,0.0,0,0,0,0,0,0,0,0,0,0,0,0,0,0,0,0,0.0
2026,1,00-0040556,Corey Kiner,RB,NE,SEA,8.0,0.11,0,0,0,0,0,0.0,0.0,0.0,6,11,0,0,0,0,0,0,0,0,0,0,0,0,6,6,1.1
2026,1,00-0040568,Lan Larison,RB,NE,SEA,3.0,0.04,2,2,9,0,1,0.0645161290322581,-0.0135746606334842,0.0872719311049482,0,0,0,0,0,0,0,0,0,0,0,0,0,0,2,2,2.9
2026,1,00-0040582,Arian Smith,WR,NYJ,TEN,2.0,0.03,1,0,0,0,0,0.0434782608695652,0.0238095238095238,0.0818840579710145,0,0,0,0,0,0,0,0,0,0,0,0,0,0,0,1,0.0
2026,1,00-0040583,Woody Marks,RB,HOU,BUF,40.0,0.51,1,1,-2,0,0,0.027027027027027,-0.0062111801242236,0.036192714453584,9,42,0,4,0,0,0,0,0,0,0,0,0,0,10,10,5.0
2026,1,00-0040584,Gunnar Helm,TE,TEN,NYJ,38.0,0.76,5,4,28,0,1,0.178571428571429,0.0894736842105263,0.330488721804511,0,0,0,0,0,0,0,0,0,0,0,0,0,0,4,5,6.8
2026,1,00-0040590,Konata Mumpfield,WR,LA,SF,16.0,0.26,1,0,0,0,0,0.037037037037037,0.0509803921568627,0.0912418300653595,0,0,0,0,0,0,0,0,0,0,0,0,0,0,0,1,0.0
2026,1,00-0040621,Montorie Foster Jr,WR,SEA,NE,0.0,0.0,0,0,0,0,0,0.0,0.0,0.0,0,0,0,0,0,0,0,0,0,0,0,0,0,0,0,0,0.0
2026,1,00-0040646,Jalen Royals,WR,KC,DEN,0.0,0.0,0,0,0,0,0,0.0,0.0,0.0,0,0,0,0,0,0,0,0,0,0,0,0,0,0,0,0,0.0
2026,1,00-0040663,Harold Fannin Jr.,TE,CLE,JAX,42.0,0.82,3,2,21,0,1,0.136363636363636,0.043859649122807,0.235247208931419,0,0,0,0,0,0,0,0,0,0,0,0,0,0,2,3,4.1
2026,1,00-0040666,Omarion Hampton,RB,LAC,ARI,32.0,0.58,0,0,0,0,0,0.0,0.0,0.0,12,43,1,5,0,0,0,0,0,0,1,1,0,0,12,12,8.3
2026,1,00-0040667,Matthew Golden,WR,GB,MIN,56.0,0.82,12,6,95,0,4,0.3,0.292110874200426,0.654477611940298,0,0,0,0,0,0,0,0,0,0,0,0,0,0,6,12,15.5
2026,1,00-0040669,Isaac TeSlaa,WR,DET,NO,52.0,0.68,1,0,0,0,0,0.0256410256410256,0.0144927536231884,0.0486064659977703,0,0,0,0,0,0,0,0,0,0,0,0,0,0,0,1,0.0
2026,1,00-0040676,Cam Ward,QB,TEN,NYJ,50.0,1.0,0,0,0,0,0,0.0,0.0,0.0,4,21,0,2,32,19,140,1,0,0,0,0,0,0,4,4,11.7
2026,1,00-0040691,Jaxson Dart,QB,NYG,DAL,69.0,1.0,0,0,0,0,0,0.0,0.0,0.0,11,54,0,4,29,23,230,3,0,0,1,0,0,0,11,11,26.6
2026,1,00-0040705,Chimere Dike,WR,TEN,NYJ,4.0,0.08,1,1,7,0,0,0.0357142857142857,0.0157894736842105,0.0646240601503759,0,0,0,0,0,0,0,0,0,0,1,1,0,0,1,1,1.7
2026,1,00-0040715,Cam Skattebo,RB,NYG,DAL,42.0,0.61,0,0,0,0,0,0.0,0.0,0.0,18,81,1,6,0,0,0,0,0,0,1,0,1,0,18,18,14.1
2026,1,00-0040719,Bhayshul Tuten,RB,JAX,CLE,28.0,0.49,1,1,22,0,1,0.0476190476190476,-0.0206611570247934,0.0569657615112161,15,66,0,4,0,0,0,0,0,0,0,0,1,0,16,16,9.8
2026,1,00-0040727,Tre Harris,WR,LAC,ARI,41.0,0.75,6,3,20,0,0,0.222222222222222,0.172161172161172,0.453846153846154,0,0,0,0,0,0,0,0,0,0,0,0,0,0,3,6,5.0
2026,1,00-0040729,Jack Bech,WR,LV,MIA,27.0,0.4,4,3,23,1,1,0.137931034482759,0.141592920353982,0.306011595971926,0,0,0,0,0,0,0,0,0,0,0,0,0,0,3,4,11.3
2026,1,00-0040730,RJ Harvey,RB,DEN,KC,26.0,0.51,4,4,23,0,0,0.148148148148148,-0.239130434782609,0.0548309178743961,3,18,0,1,0,0,0,0,0,0,0,0,0,0,7,7,8.1
2026,1,00-0040735,Luther Burden III,WR,CHI,CAR,55.0,0.73,5,5,63,0,2,0.192307692307692,0.112852664576803,0.3674584036653,1,2,0,0,0,0,0,0,0,0,1,1,0,0,6,6,9.5
2026,1,00-0040736,Mason Taylor,TE,NYJ,TEN,44.0,0.66,3,2,-2,0,0,0.130434782608696,0.0059523809523809,0.19981884057971,0,0,0,0,0,0,0,0,0,0,0,0,0,0,2,3,1.8
2026,1,00-0040737,Terrance Ferguson,TE,LA,SF,31.0,0.51,1,0,0,0,0,0.037037037037037,0.0941176470588235,0.121437908496732,0,0,0,0,0,0,0,0,0,0,0,0,0,0,0,1,0.0
2026,1,00-0040743,Tyler Shough,QB,NO,DET,90.0,1.0,0,0,0,0,0,0.0,0.0,0.0,4,8,0,1,56,35,410,3,2,0,2,1,0,0,4,4,23.2
2026,1,00-0040784,Quinshon Judkins,RB,CLE,JAX,33.0,0.65,2,2,17,0,1,0.0909090909090909,0.0043859649122807,0.139433811802233,12,33,0,1,0,0,0,0,0,0,0,0,0,0,14,14,7.0
2026,1,00-0040785,Dohnte Meyers,WR,CIN,TB,10.0,0.16,1,1,18,0,1,0.0294117647058824,0.0088495575221238,0.0503123373243103,1,10,0,1,0,0,0,0,0,0,0,0,0,0,2,2,3.8
2026,1,00-0040867,Makai Lemon,WR,PHI,WAS,35.0,0.64,4,3,-5,0,0,0.181818181818182,0.0,0.272727272727273,0,0,0,0,0,0,0,0,0,0,0,0,0,0,3,4,2.5
2026,1,00-0040870,Ja'Kobi Lane,WR,BAL,IND,27.0,0.4,3,1,11,0,0,0.125,0.111524163568773,0.265566914498141,0,0,0,0,0,0,0,0,0,0,0,0,0,0,1,3,2.1
2026,1,00-0040878,Mike Washington Jr.,RB,LV,MIA,,,0,0,0,0,0,0.0,0.0,0.0,7,41,0,1,0,0,0,0,0,0,0,0,0,0,7,7,4.1
2026,1,00-0040879,Matthew Hibner,TE,BAL,IND,23.0,0.34,1,1,13,0,1,0.0416666666666667,0.0037174721189591,0.0651022304832714,0,0,0,0,0,0,0,0,0,0,0,0,0,0,1,1,2.3
2026,1,00-0040890,Cyrus Allen,WR,KC,DEN,1.0,0.01,1,0,0,0,0,0.04,0.037593984962406,0.0863157894736842,0,0,0,0,0,0,0,0,0,0,0,0,0,0,0,1,0.0
2026,1,00-0040894,Malik Benson,WR,LV,MIA,7.0,0.1,2,1,6,0,0,0.0689655172413793,0.13716814159292,0.199465974977113,1,-8,0,0,0,0,0,0,0,0,0,0,0,0,2,3,0.8
2026,1,00-0041013,Emmett Johnson,RB,KC,DEN,25.0,0.36,2,2,44,0,1,0.08,-0.0601503759398496,0.0778947368421053,8,24,0,1,0,0,0,0,0,0,0,0,0,0,10,10,8.8
2026,1,00-0041027,Jeremiyah Love,RB,ARI,LAC,32.0,0.43,4,2,9,0,0,0.108108108108108,0.0176678445229682,0.17452965332824,11,41,1,2,0,0,0,0,0,0,0,0,0,0,13,15,13.0
2026,1,00-0041032,Kenyon Sadiq,TE,NYJ,TEN,28.0,0.42,3,3,21,0,0,0.130434782608696,0.0,0.195652173913043,1,3,1,1,0,0,0,0,0,0,0,0,0,0,4,4,11.4
2026,1,00-0041037,Denzel Boston,WR,CLE,JAX,47.0,0.92,4,2,59,1,2,0.181818181818182,0.5,0.622727272727273,0,0,0,0,0,0,0,0,0,0,0,0,0,0,2,4,13.9
2026,1,00-0041040,Antonio Williams,WR,WAS,PHI,26.0,0.37,4,4,64,1,4,0.137931034482759,0.173501577287066,0.328347655825084,0,0,0,0,0,0,0,0,0,0,0,0,0,0,4,4,16.4
2026,1,00-0041042,Malachi Fields,WR,NYG,DAL,50.0,0.72,4,2,25,0,1,0.137931034482759,0.289795918367347,0.409753694581281,0,0,0,0,0,0,0,0,0,0,0,0,0,0,2,4,4.5
2026,1,00-0041044,Zachariah Branch,WR,ATL,PIT,18.0,0.3,0,0,0,0,0,0.0,0.0,0.0,0,0,0,0,0,0,0,0,0,0,0,0,0,0,0,0,0.0
2026,1,00-0041048,Ted Hurst III,WR,TB,CIN,43.0,0.75,3,3,36,0,2,0.111111111111111,0.237762237762238,0.333100233100233,0,0,0,0,0,0,0,0,0,0,0,0,0,0,3,3,6.6
2026,1,00-0041052,Kaelon Black,RB,SF,LA,28.0,0.43,1,1,5,0,0,0.0294117647058824,-0.0335570469798658,0.0206277141729175,14,65,0,3,0,0,0,0,0,0,0,0,0,0,15,15,8.0
2026,1,00-0041067,Bryce Lance,WR,NO,DET,62.0,0.69,4,3,42,0,2,0.0769230769230769,0.082815734989648,0.173355629877369,0,0,0,0,0,0,0,0,0,0,0,0,0,0,3,4,7.2
2026,1,00-0041094,Bauer Sharp,TE,TB,CIN,1.0,0.02,0,0,0,0,0,0.0,0.0,0.0,0,0,0,0,0,0,0,0,0,0,0,0,0,0,0,0,0.0
2026,1,00-0041096,Kaytron Allen,RB,WAS,PHI,7.0,0.1,0,0,0,0,0,0.0,0.0,0.0,4,16,0,0,0,0,0,0,0,0,0,0,0,0,4,4,1.6
2026,1,00-0041099,Barion Brown,WR,NO,DET,7.0,0.08,0,0,0,0,0,0.0,0.0,0.0,1,3,0,0,0,0,0,0,0,0,0,0,0,0,1,1,0.3
2026,1,00-0041100,Josh Cameron,WR,JAX,CLE,19.0,0.33,2,2,20,1,2,0.0952380952380952,0.0743801652892562,0.194923258559622,0,0,0,0,0,0,0,0,0,0,0,0,0,0,2,2,10.0
2026,1,00-0041125,Seth McGowan,RB,IND,BAL,6.0,0.11,1,1,0,0,0,0.0344827586206897,-0.0099502487562189,0.0447589638016813,0,0,0,0,0,0,0,0,0,0,0,0,0,0,1,1,1.0
2026,1,00-0041131,Carsen Ryan,TE,CLE,JAX,0.0,0.0,0,0,0,0,0,0.0,0.0,0.0,0,0,0,0,0,0,0,0,0,0,0,0,0,0,0,0,0.0
2026,1,00-0041326,CJ Donaldson,RB,NO,DET,15.0,0.17,2,1,-2,0,0,0.0384615384615385,0.010351966873706,0.0649386845039019,2,4,0,2,0,0,0,0,0,0,0,0,0,0,3,4,1.2
2026,1,00-0041395,Eli Raridon,TE,NE,SEA,38.0,0.54,1,1,2,1,1,0.032258064516129,0.0090497737556561,0.0547219384031528,0,0,0,0,0,0,0,0,0,0,0,0,0,0,1,1,7.2
2026,1,00-0041397,Kaden Wetjen,WR,PIT,ATL,0.0,0.0,0,0,0,0,0,0.0,0.0,0.0,0,0,0,0,0,0,0,0,0,0,0,0,0,0,0,0,0.0
2026,1,00-0041438,Carnell Tate,WR,TEN,NYJ,44.0,0.88,6,4,38,0,1,0.214285714285714,0.352631578947368,0.568270676691729,0,0,0,0,0,0,0,0,0,0,0,0,0,0,4,6,7.8
2026,1,00-0041472,Marlin Klein,TE,HOU,BUF,9.0,0.11,1,1,16,0,1,0.027027027027027,0.0434782608695652,0.0709753231492362,0,0,0,0,0,0,0,0,0,0,0,0,0,0,1,1,2.6
2026,1,00-0041490,Eli Heidenreich,RB,PIT,ATL,3.0,0.04,0,0,0,0,0,0.0,0.0,0.0,0,0,0,0,0,0,0,0,0,0,0,0,0,0,0,0,0.0
2026,1,00-0041496,Jonah Coleman,RB,DEN,KC,3.0,0.06,0,0,0,0,0,0.0,0.0,0.0,0,0,0,0,0,0,0,0,0,0,0,0,0,0,0,0,0.0
2026,1,00-0041503,Nate Boerkircher,TE,JAX,CLE,38.0,0.67,1,1,9,0,0,0.0476190476190476,0.0082644628099173,0.0772136953955136,0,0,0,0,0,0,0,0,0,0,0,0,0,0,1,1,1.9
2026,1,00-0041511,Omar Cooper Jr.,WR,NYJ,TEN,5.0,0.07,1,1,30,0,1,0.0434782608695652,0.0238095238095238,0.0818840579710145,0,0,0,0,0,0,0,0,0,0,0,0,0,0,1,1,4.0
2026,1,00-0041512,Jadarian Price,RB,SEA,NE,24.0,0.48,2,2,6,0,0,0.0833333333333333,-0.0064935064935064,0.120454545454545,10,52,0,4,0,0,0,0,0,0,0,0,0,0,12,12,7.8
2026,1,00-0041523,Caleb Douglas,WR,MIA,LV,51.0,0.91,7,5,94,0,3,0.259259259259259,0.313915857605178,0.608629989212513,0,0,0,0,0,0,0,0,0,0,0,0,0,0,5,7,14.4
2026,1,00-0041524,Will Kacmarek,TE,MIA,LV,14.0,0.25,1,0,0,0,0,0.037037037037037,0.0194174757281553,0.0691477885652643,0,0,0,0,0,0,0,0,0,0,0,0,0,0,0,1,0.0
2026,1,00-0041525,Chris Bell,WR,MIA,LV,29.0,0.52,2,1,25,0,1,0.0740740740740741,0.135922330097087,0.206256742179072,0,0,0,0,0,0,0,0,0,0,0,0,0,0,1,2,3.5
2026,1,00-0041529,Kevin Coleman Jr.,WR,MIA,LV,16.0,0.29,2,0,0,0,0,0.0740740740740741,0.0776699029126214,0.165480043149946,0,0,0,0,0,0,0,0,0,0,0,0,0,0,0,2,0.0
2026,1,00-0041547,KC Concepcion,WR,CLE,JAX,35.0,0.69,5,4,43,0,2,0.227272727272727,0.276315789473684,0.53433014354067,3,15,0,1,0,0,0,0,0,0,1,1,0,0,7,8,7.8
