gsis_id,sleeper_id,espn_id,pfr_id,name,team,position,age,years_exp,rookie_year,draft_number,nfl_status,injury_status,injury_note,injury_body_part,injury_start_date,practice_participation,practice_description,news_updated,sleeper_depth_order,sleeper_status,sleeper_active
00-0023459,96,8439,RodgAa00,Aaron Rodgers,PIT,QB,42.8,21,2005,24.0,ACT,,,,,,,1788648925114.0,1.0,Active,True
00-0026158,19,11252,FlacJo00,Joe Flacco,CIN,QB,41.6,18,2008,18.0,ACT,,,,,,,1781961641331.0,2.0,Active,True
00-0026300,260,11394,JohnJo05,Josh Johnson,CIN,QB,40.3,18,2008,160.0,DEV,,,,,,,1788302424141.0,,Active,True
00-0026498,421,12483,StafMa00,Matthew Stafford,LA,QB,38.6,17,2009,1.0,ACT,,,,,,,1788575124438.0,1.0,Active,True
00-0027973,829,14012,DaltAn00,Andy Dalton,PHI,QB,38.9,15,2011,35.0,ACT,,,,,,,1787976042564.0,2.0,Active,True
00-0028118,827,14163,TaylTy00,Tyrod Taylor,GB,QB,37.1,15,2011,180.0,ACT,,,,,,,1779916830172.0,2.0,Active,True
00-0028986,1737,15168,KeenCa00,Case Keenum,CHI,QB,38.6,14,2012,,ACT,,,,,,,1780608036183.0,2.0,Active,True
00-0029604,1166,14880,CousKi00,Kirk Cousins,LV,QB,38.1,14,2012,102.0,ACT,,,,,,,1788368130750.0,1.0,Active,True
00-0029892,1379,16002,JuszKy00,Kyle Juszczyk,SF,RB,35.4,13,2013,130.0,ACT,,,,,,,,,,
00-0030035,1689,16460,ThieAd00,Adam Thielen,MIN,WR,36.0,13,2013,,RET,NA,,Undisclosed,,,,1768415702261.0,,Active,True
00-0030279,1479,15818,AlleKe00,Keenan Allen,IND,WR,34.4,13,2013,76.0,ACT,,,,,,,1788831044055.0,3.0,Active,True
00-0030506,1466,15847,KelcTr00,Travis Kelce,KC,TE,36.9,13,2013,63.0,ACT,,,,,,,1788442540618.0,1.0,Active,True
00-0030565,1373,15864,SmitGe00,Geno Smith,NYJ,QB,35.9,13,2013,39.0,ACT,,,,,,,1788487516278.0,1.0,Active,True
00-0031235,2078,16733,BeckOd00,Odell Beckham Jr.,NYG,WR,33.8,12,2014,12.0,ACT,,,,,,,1788709230912.0,4.0,Active,True
00-0031237,2152,16728,BridTe00,Teddy Bridgewater,DET,QB,33.8,12,2014,32.0,RET,NA,,Personal,,,,1786300229642.0,,Active,True
00-0031381,2133,16800,AdamDa01,Davante Adams,LA,WR,33.7,12,2014,53.0,ACT,,,,,,,1788708930935.0,2.0,Active,True
00-0031408,2216,16737,EvanMi00,Mike Evans,SF,WR,33.1,12,2014,7.0,ACT,,,,,,,1788912921433.0,1.0,Active,True
00-0031484,3048,2531358,ManhCh00,Chris Manhertz,NYG,TE,34.4,11,2015,,ACT,,,,,,,1780442449780.0,3.0,Active,True
00-0031503,2306,2969939,WinsJa00,Jameis Winston,NYG,QB,32.7,11,2015,1.0,ACT,,,,,,,1788728132771.0,2.0,Active,True
00-0031588,2449,2976212,DiggSt00,Stefon Diggs,WAS,WR,32.8,11,2015,146.0,ACT,,,,,,,1788580814041.0,2.0,Active,True
00-0031595,2471,2515270,BurtMi00,Michael Burton,CLE,RB,34.6,11,2015,168.0,ACT,,,,,,,,,,
00-0031610,2505,2576925,WallDa01,Darren Waller,CAR,TE,34.0,11,2015,204.0,ACT,,,,,,,1788806741393.0,1.0,Active,True
00-0032104,2359,2576336,AbduAm00,Ameer Abdullah,JAX,RB,33.2,11,2015,54.0,ACT,,,,,,,1788619217794.0,4.0,Active,True
00-0032268,2307,2576980,MariMa01,Marcus Mariota,WAS,QB,32.9,11,2015,2.0,ACT,,,,,,,1788211514236.0,2.0,Active,True
00-0032392,3202,3043275,HoopAu00,Austin Hooper,ATL,TE,31.9,10,2016,81.0,ACT,,,,,,,1780438849368.0,2.0,Active,True
00-0032394,3258,2576399,VannNi00,Nick Vannett,BAL,TE,33.5,10,2016,94.0,DEV,,,,,,,1788450007209.0,,Active,True
00-0032398,3269,2576581,MoorCh00,Chris Moore,BAL,WR,33.2,10,2016,107.0,DEV,,,,,,,1788304222958.0,,Active,True
00-0032464,3634,2973405,RaymKa00,Kalif Raymond,CHI,WR,32.1,10,2016,,ACT,,,,,,,1788729032832.0,3.0,Active,True
00-0032764,3198,3043078,HenrDe00,Derrick Henry,BAL,RB,32.7,10,2016,45.0,ACT,,,,,,,1788530120390.0,1.0,Active,True
00-0032775,3286,3043116,RobiDe01,Demarcus Robinson,SF,WR,32.0,10,2016,126.0,ACT,,,,,,,1787354729510.0,4.0,Active,True
00-0032918,3832,4012556,HamxC.00,C.J. Ham,MIN,RB,33.1,10,2016,,RET,,,,,,,,,,
00-0032950,3161,2573079,WentCa00,Carson Wentz,MIN,QB,33.7,10,2016,2.0,ACT,,,,,,,1788980436395.0,2.0,Active,True
00-0032951,3155,3051889,TreaLa00,Laquon Treadwell,IND,WR,31.2,10,2016,23.0,ACT,,,,,,,1786746944740.0,5.0,Active,True
00-0033077,3294,2577417,PresDa01,Dak Prescott,DAL,QB,33.1,10,2016,135.0,ACT,,,,,,,1788467707202.0,1.0,Active,True
00-0033090,3214,3046439,HenrHu00,Hunter Henry,NE,TE,31.8,10,2016,35.0,ACT,,,,,,,1788932423093.0,1.0,Active,True
00-0033106,3163,3046779,GoffJa00,Jared Goff,DET,QB,31.9,10,2016,1.0,ACT,,,,,,,1788573024252.0,1.0,Active,True
00-0033110,3271,2573401,HigbTy00,Tyler Higbee,LA,TE,33.7,10,2016,110.0,ACT,,,,,,,1788746734763.0,3.0,Active,True
00-0033119,3257,2578570,BrisJa00,Jacoby Brissett,ARI,QB,33.7,10,2016,91.0,ACT,,,,,,,1788930022906.0,1.0,Active,True
00-0033217,4054,2998565,AlieMo00,Mo Alie-Cox,IND,TE,33.0,9,2017,,ACT,,,,,,,1780438849460.0,2.0,Active,True
00-0033246,4314,3052096,MundJo00,Johnny Mundt,PHI,TE,31.8,9,2017,,ACT,,,,,,,1780442449892.0,3.0,Active,True
00-0033280,4034,3117251,McCaCh01,Christian McCaffrey,SF,RB,30.3,9,2017,8.0,ACT,,,,,,,1788914121512.0,1.0,Active,True
00-0033288,4217,3040151,KittGe00,George Kittle,SF,TE,32.9,9,2017,146.0,ACT,Questionable,Surgery,Achilles,,,,1788995448192.0,1.0,Active,True
00-0033293,4199,3042519,JoneAa00,Aaron Jones,MIN,RB,31.8,9,2017,182.0,ACT,,,,,,,1788443140756.0,1.0,Active,True
00-0033307,4454,3045523,BourKe00,Kendrick Bourne,ARI,WR,31.1,9,2017,,ACT,,,,,,,1787252130274.0,3.0,Active,True
00-0033319,4464,3059989,MullNi00,Nick Mullens,JAX,QB,31.5,9,2017,,DEV,,,,,,,1788313224930.0,,Active,True
00-0033375,4351,3134353,PatrTi00,Tim Patrick,NYJ,WR,32.8,9,2017,,ACT,Questionable,,Groin,,,,1788995447273.0,5.0,Active,True
00-0033376,4353,2975417,RicaPa00,Patrick Ricard,NYG,RB,32.3,9,2017,,ACT,,,,,,,,,,
00-0033439,4443,2971281,BrowPh01,Pharaoh Brown,IND,TE,32.4,9,2017,,DEV,,,,,,,1788312924739.0,,Active,True
00-0033526,4147,3116389,PeriSa00,Samaje Perine,CIN,RB,31.0,9,2017,114.0,ACT,,,,,,,1788888050537.0,2.0,Active,True
00-0033537,4017,3122840,WatsDe00,Deshaun Watson,CLE,QB,31.0,9,2017,12.0,ACT,,,,,,,1788975634301.0,1.0,Active,True
00-0033553,4137,3045147,ConnJa00,James Conner,ARI,RB,31.3,9,2017,105.0,RES,IR,,Foot,,,,1788749435134.0,4.0,Inactive,True
00-0033555,4177,2991662,HollMa00,Mack Hollins,NE,WR,33.0,9,2017,118.0,ACT,,,,,,,1788725432454.0,4.0,Active,True
00-0033576,4189,2975863,SaubEr00,Eric Saubert,SEA,TE,32.3,9,2017,174.0,ACT,,,,,,,1785031207335.0,3.0,Active,True
00-0033589,4274,4212909,MoorDa03,David Moore,CAR,WR,31.6,9,2017,226.0,DEV,,,,,,,1788309024541.0,,Active,True
00-0033662,4574,2972515,RushCo00,Cooper Rush,ATL,QB,32.8,9,2017,,ACT,,,,,,,1788795341743.0,2.0,Active,True
00-0033757,4602,2975674,TonyRo00,Robert Tonyan,PIT,TE,32.4,9,2017,,ACT,,,,,,,1780622139428.0,3.0,Active,True
00-0033854,4718,2983509,OgunDa00,Dare Ogunbowale,LV,RB,32.4,9,2017,,DEV,,,,,,,1788314725196.0,,Active,True
00-0033858,4144,3054212,SmitJo01,Jonnu Smith,GB,TE,31.0,9,2017,100.0,ACT,,,,,,,1787848852476.0,2.0,Active,True
00-0033869,3976,3039707,TrubMi00,Mitchell Trubisky,TEN,QB,32.1,9,2017,2.0,ACT,,,,,,,1788994847353.0,2.0,Active,True
00-0033873,4046,3139477,MahoPa00,Patrick Mahomes,KC,QB,31.0,9,2017,10.0,ACT,Questionable,Surgery,Knee - ACL,,,,1788889550651.0,1.0,Active,True
00-0033881,4066,3051876,EngrEv00,Evan Engram,DEN,TE,32.0,9,2017,23.0,ACT,,,,,,,1788669927068.0,1.0,Active,True
00-0033885,4033,3123076,NjokDa00,David Njoku,LAC,TE,30.2,9,2017,29.0,ACT,,,,,,,1787959840224.0,2.0,Active,True
00-0033906,4035,3054850,KamaAl00,Alvin Kamara,NO,RB,31.1,9,2017,67.0,ACT,Questionable,,Knee,,,,1788990347773.0,4.0,Active,True
00-0033908,4039,2977187,KuppCo00,Cooper Kupp,SEA,WR,33.2,9,2017,69.0,ACT,,,,,,,1788906320887.0,3.0,Active,True
00-0033921,4037,3116165,GodwCh00,Chris Godwin Jr.,TB,WR,30.5,9,2017,84.0,ACT,,,,,,,1788400235219.0,2.0,Active,True
00-0033949,4179,3044720,DobbJo00,Joshua Dobbs,DET,QB,31.6,9,2017,135.0,ACT,,,,,,,1788052251731.0,2.0,Active,True
00-0033955,4219,3127586,McNiJe00,Jeremy McNichols,WAS,RB,30.7,9,2017,162.0,RES,IR,,Quadriceps,,,,1788199812407.0,4.0,Inactive,True
00-0034270,5133,3915486,ConkTy00,Tyler Conklin,DET,TE,31.1,8,2018,157.0,ACT,,,,,,,1788294621935.0,3.0,Active,True
00-0034348,5045,3128429,SuttCo00,Courtland Sutton,DEN,WR,30.9,8,2018,40.0,ACT,,,,,,,1788530120390.0,2.0,Active,True
00-0034351,5022,3121023,GoedDa00,Dallas Goedert,PHI,TE,31.7,8,2018,49.0,ACT,,,,,,,1788449105833.0,1.0,Active,True
00-0034365,4995,4045305,ThomIa00,Ian Thomas,LV,TE,30.3,8,2018,101.0,ACT,,,,,,,1780442449953.0,3.0,Active,True
00-0034383,5001,3117256,SchuDa00,Dalton Schultz,HOU,TE,30.2,8,2018,137.0,ACT,,,,,,,1788810041847.0,1.0,Active,True
00-0034407,5096,3728262,McClRa00,Ray-Ray McCloud,CHI,WR,29.9,8,2018,187.0,RES,Questionable,,Undisclosed,,,,1788852647992.0,,Inactive,True
00-0034419,5121,3123075,BerrBr00,Braxton Berrios,NYG,WR,30.9,8,2018,210.0,DEV,,,,,,,1788214513627.0,,Active,True
00-0034487,5154,3122168,SherTr00,Trent Sherfield,BUF,WR,30.5,8,2018,,DEV,,,,,,,1788304523019.0,,Active,True
00-0034577,5127,3115293,AlleKy00,Kyle Allen,BUF,QB,30.5,8,2018,,ACT,,,,,,,1779920430620.0,2.0,Active,True
00-0034613,5409,3050481,HudsTa00,Tanner Hudson,CIN,TE,31.8,8,2018,,DEV,,,,,,,1788309024493.0,,Active,True
00-0034753,5012,3116365,AndrMa00,Mark Andrews,BAL,TE,31.0,8,2018,86.0,ACT,,,,,,,1788552322233.0,1.0,Active,True
00-0034771,4972,3116407,RudoMa00,Mason Rudolph,PIT,QB,31.1,8,2018,76.0,ACT,,,,,,,1788894952795.0,2.0,Active,True
00-0034775,4950,3895856,KirkCh01,Christian Kirk,SF,WR,29.8,8,2018,47.0,RES,IR,,Calf,,,,1788209112557.0,7.0,Inactive,True
00-0034796,4881,3916387,JackLa00,Lamar Jackson,BAL,QB,29.7,8,2018,32.0,ACT,,,,,,,1788387933622.0,1.0,Active,True
00-0034798,5008,3052897,SmytDu00,Durham Smythe,BAL,TE,31.1,8,2018,123.0,ACT,,,,,,,1780442449933.0,3.0,Active,True
00-0034827,4983,3915416,MoorD.00,DJ Moore,BUF,WR,29.4,8,2018,24.0,ACT,,,,,,,1788880849707.0,1.0,Active,True
00-0034829,4993,3116164,GesiMi00,Mike Gesicki,CIN,TE,30.9,8,2018,42.0,ACT,,,,,,,1788669627208.0,1.0,Active,True
00-0034837,4981,3925357,RidlCa00,Calvin Ridley,TEN,WR,31.7,8,2018,26.0,ACT,,,,,,,1788450306406.0,3.0,Active,True
00-0034844,4866,3929630,BarkSa00,Saquon Barkley,PHI,RB,29.6,8,2018,2.0,ACT,,,,,,,1788397834774.0,1.0,Active,True
00-0034854,5773,3047876,HodgKh00,KhaDarel Hodge,SF,WR,32.7,8,2018,,DEV,,,,,,,1788406838081.0,,Active,True
00-0034855,4892,3052587,MayfBa00,Baker Mayfield,TB,QB,31.4,8,2018,1.0,ACT,,,,,,,1788923122188.0,1.0,Active,True
00-0034857,4984,3918298,AlleJo02,Josh Allen,BUF,QB,30.3,8,2018,7.0,ACT,,,,,,,1788557123261.0,1.0,Active,True
00-0034869,4943,3912547,DarnSa00,Sam Darnold,SEA,QB,29.3,8,2018,3.0,ACT,,,,,,,1788907520868.0,1.0,Active,True
00-0034959,6323,3125107,BeckAn01,Andrew Beck,NYJ,RB,30.3,7,2019,,ACT,,,,,,,1781216403497.0,4.0,Active,True
00-0034960,5947,3916433,MeyeJa01,Jakobi Meyers,JAX,WR,29.8,7,2019,,ACT,Questionable,,Hand,,,,1788988246636.0,3.0,Active,True
00-0034975,5995,4038441,HillJu00,Justice Hill,BAL,RB,28.8,7,2019,113.0,ACT,,,,,,,1788450005309.0,2.0,Active,True
00-0034981,5985,3843945,MoreFo00,Foster Moreau,HOU,TE,29.3,7,2019,137.0,ACT,,,,,,,1780442450020.0,4.0,Active,True
00-0035021,6427,4061956,DuliAs00,Ashton Dulin,IND,WR,29.3,7,2019,,ACT,,,,,,,1787774148762.0,4.0,Active,True
00-0035039,6451,3948283,CarlSt00,Stephen Carlson,CHI,TE,29.7,7,2019,,DEV,,,,,,,1788309624489.0,,Active,True
00-0035045,6453,4249030,MontDJ01,D.J. Montgomery,IND,WR,29.8,7,2019,,RES,IR,,Abdomen,,,,1788196813756.0,7.0,Inactive,True
00-0035125,6109,3917668,IngoAl01,Alec Ingold,LAC,RB,30.2,7,2019,,ACT,,,,,,,,,,
00-0035208,6271,3917914,ZaccOl01,Olamide Zaccheaus,ATL,WR,29.1,7,2019,,ACT,,,,,,,1788745234568.0,3.0,Active,True
00-0035228,5849,3917315,MurrKy00,Kyler Murray,MIN,QB,29.1,7,2019,1.0,ACT,,,,,,,1788537321056.0,1.0,Active,True
00-0035229,5844,4036133,HockTJ00,T.J. Hockenson,MIN,TE,29.2,7,2019,8.0,ACT,,,,,,,1788880849707.0,1.0,Active,True
00-0035249,5973,3921690,OlivJo00,Josh Oliver,MIN,TE,29.5,7,2019,69.0,ACT,,,,,,,1785795010082.0,2.0,Active,True
00-0035250,6130,4040761,SingDe00,Devin Singletary,NYG,RB,29.0,7,2019,74.0,ACT,,,,,,,1787959840222.0,4.0,Active,True
00-0035251,5903,3115252,GrieWi00,Will Grier,CAR,QB,31.4,7,2019,100.0,RET,NA,,Undisclosed,,,,1784149850621.0,,Active,True
00-0035261,5967,3916148,PollTo00,Tony Pollard,TEN,RB,29.4,7,2019,128.0,ACT,,,,,,,1788554122408.0,1.0,Active,True
00-0035264,6136,3892775,StidJa00,Jarrett Stidham,DEN,QB,30.1,7,2019,133.0,ACT,,,,,,,1788401735283.0,2.0,Active,True
00-0035282,6185,3120590,SticEa00,Easton Stick,TB,QB,31.0,7,2019,166.0,DEV,,,,,,,1788409838379.0,,Active,True
00-0035289,6011,4038524,MinsGa00,Gardner Minshew,ARI,QB,30.3,7,2019,178.0,ACT,,,,,,,1787976042600.0,2.0,Active,True
00-0035298,6290,3914397,MillSc01,Scott Miller,CHI,WR,29.1,7,2019,208.0,DEV,,,,,,,1788310224508.0,,Active,True
00-0035345,6529,3138744,MyarCh00,Chris Myarick,LV,TE,30.9,7,2019,,DEV,,,,,,,1788316525425.0,,Active,True
00-0035359,6154,3871102,SillDa01,David Sills,TB,WR,31.3,7,2019,,RES,IR,,Undisclosed,,,,1788213014173.0,7.0,Inactive,True
00-0035406,5938,4039057,HumpLi01,Lil'Jordan Humphrey,DEN,WR,28.4,7,2019,,ACT,,,,,,,1781299232809.0,6.0,Active,True
00-0035500,5970,4037235,DortGr01,Greg Dortch,BUF,WR,28.3,7,2019,,DEV,,,,,,,1788294622984.0,,Active,True
00-0035535,6149,3916945,SlayDa01,Darius Slayton,NYG,WR,29.7,7,2019,171.0,ACT,,,,,,,1788816642602.0,,Active,True
00-0035537,6039,3915411,JohnTy02,Ty Johnson,BUF,RB,29.0,7,2019,186.0,ACT,Questionable,,Knee,,,,1788981047173.0,2.0,Active,True
00-0035544,6588,3126997,KennTo01,Tom Kennedy,DET,WR,30.1,7,2019,,DEV,,,,,,,1788311125656.0,,Active,True
00-0035567,6659,4421446,ReynCr00,Craig Reynolds,WAS,RB,30.2,7,2019,,DEV,,,,,,,1788483916396.0,,Active,True
00-0035589,6045,3916071,JennGa00,Gary Jennings,LAC,WR,29.5,7,2019,120.0,DEV,,,,,,,1788853848544.0,,Active,True
00-0035594,6012,4037457,HomeTr00,Travis Homer,PIT,RB,28.1,7,2019,204.0,DEV,,,,,,,1788405038120.0,,Active,True
00-0035602,6386,3919510,BachAl00,Alex Bachman,LA,WR,30.3,7,2019,,DEV,,,,,,,1788317125351.0,,Active,True
00-0035631,6001,3127310,SampDr00,Drew Sample,CIN,TE,30.4,7,2019,52.0,ACT,,,,,,,1780438849568.0,3.0,Active,True
00-0035639,5880,3121410,CampPa00,Parris Campbell,DAL,WR,29.1,7,2019,59.0,RET,NA,,Undisclosed,,,,1779919232638.0,,Active,True
00-0035640,5846,4047650,MetcDK00,DK Metcalf,PIT,WR,28.7,7,2019,64.0,ACT,,,,,,,1788989147702.0,1.0,Active,True
00-0035644,5857,4036131,FantNo00,Noah Fant,NO,TE,28.8,7,2019,20.0,ACT,,,,,,,1782072654493.0,2.0,Active,True
00-0035645,6699,4424106,OlszGu00,Gunner Olszewski,NYG,WR,29.8,7,2019,,RES,IR,Surgery,Achilles,,,,1780359341535.0,6.0,Inactive,True
00-0035659,5927,3121422,McLaTe00,Terry McLaurin,WAS,WR,31.0,7,2019,76.0,ACT,,,,,,,1788544521740.0,1.0,Active,True
00-0035662,5848,4241372,BrowMa04,Marquise Brown,PHI,WR,29.3,7,2019,25.0,ACT,,,,,,,1787542234927.0,4.0,Active,True
00-0035676,5859,4047646,BrowAJ00,A.J. Brown,NE,WR,29.2,7,2019,51.0,ACT,,,,,,,1788932723019.0,1.0,Active,True
00-0035685,5892,4035538,MontDa01,David Montgomery,HOU,RB,29.3,7,2019,73.0,ACT,,,,,,,1788545721912.0,1.0,Active,True
00-0035689,5906,3930086,KnoxDa00,Dawson Knox,BUF,TE,29.8,7,2019,96.0,ACT,,,,,,,1787585139061.0,2.0,Active,True
00-0035700,5850,4047365,JacoJo01,Josh Jacobs,GB,RB,28.6,7,2019,24.0,EXE,NA,,Groin,,,,1788975934438.0,4.0,Active,True
00-0035704,5854,3924327,LockDr00,Drew Lock,SEA,QB,29.8,7,2019,42.0,ACT,,,,,,,1787546436419.0,2.0,Active,True
00-0035710,5870,3917792,JoneDa05,Daniel Jones,IND,QB,29.3,7,2019,6.0,ACT,,,,,,,1788929122785.0,1.0,Active,True
00-0035719,5872,3126486,SamuDe00,Deebo Samuel Sr.,SF,WR,30.7,7,2019,36.0,ACT,,,,,,,1788808841677.0,2.0,Active,True
00-0035891,7039,4241983,,Cody White,LV,WR,27.8,6,2020,,DEV,,,,,,,1788316825520.0,,Active,True
00-0035924,7087,4039274,WardJo00,Jonathan Ward,BAL,RB,28.9,6,2020,,DEV,,,,,,,1788304523023.0,,Active,True
00-0035993,7083,4035671,HuntTy01,Tyler Huntley,BAL,QB,28.6,6,2020,,ACT,,,,,,,1787985044100.0,2.0,Active,True
00-0036020,6918,4243315,AhmeSa01,Salvon Ahmed,CHI,RB,27.7,6,2020,,DEV,,,,,,,1788308424202.0,,Active,True
00-0036040,7002,3929645,JohnJu02,Juwan Johnson,NO,TE,30.0,6,2020,,ACT,,,,,,,1788987345817.0,1.0,Active,True
00-0036139,7021,4038815,DowdRi01,Rico Dowdle,PIT,RB,28.2,6,2020,,ACT,,,,,,,1788887150299.0,2.0,Active,True
00-0036158,6806,4241985,DobbJK00,J.K. Dobbins,DEN,RB,27.7,6,2020,55.0,ACT,,,,,,,1788974434214.0,1.0,Active,True
00-0036182,7496,3929785,WestNi00,Nick Westbrook-Ikhine,IND,WR,29.5,6,2020,,DEV,,,,,,,1788207316325.0,,Active,True
00-0036187,7204,4039505,GillRe00,Reggie Gilliam,NE,RB,29.1,6,2020,,ACT,,,,,,,1781216403641.0,3.0,Active,True
00-0036212,6768,4241479,TagoTu00,Tua Tagovailoa,ATL,QB,28.5,6,2020,5.0,ACT,,,,,,,1788784238682.0,1.0,Active,True
00-0036223,6813,4242335,TaylJo02,Jonathan Taylor,IND,RB,27.6,6,2020,41.0,ACT,,,,,,,1788493816928.0,1.0,Active,True
00-0036244,6865,4242557,ParkCo02,Colby Parkinson,LA,TE,27.7,6,2020,133.0,ACT,,,,,,,1788631218456.0,2.0,Active,True
00-0036252,6819,4035687,PittMi01,Michael Pittman,PIT,WR,28.9,6,2020,34.0,ACT,,,,,,,1788989747903.0,2.0,Active,True
00-0036259,7049,3886598,JennJa00,Jauan Jennings,MIN,WR,29.2,6,2020,217.0,ACT,,,,,,,1788669627210.0,3.0,Active,True
00-0036264,6804,4036378,LoveJo03,Jordan Love,GB,QB,27.9,6,2020,26.0,ACT,,,,,,,1788921022130.0,1.0,Active,True
00-0036265,6828,4239934,DillAJ00,AJ Dillon,CAR,RB,28.4,6,2020,62.0,ACT,,,,,,,1788468007784.0,3.0,Active,True
00-0036275,6790,4259545,SwifDA00,D'Andre Swift,CHI,RB,27.7,6,2020,35.0,ACT,,,,,,,1788989747887.0,1.0,Active,True
00-0036290,6826,4258595,KmetCo00,Cole Kmet,CHI,TE,27.5,6,2020,43.0,ACT,,,,,,,1788724832555.0,2.0,Active,True
00-0036309,7090,4040655,MoonDa00,Darnell Mooney,NYG,WR,28.9,6,2020,173.0,ACT,,,,,,,1788892850926.0,2.0,Active,True
00-0036322,6794,4262921,JeffJu00,Justin Jefferson,MIN,WR,27.2,6,2020,22.0,ACT,,,,,,,1788531620559.0,1.0,Active,True
00-0036331,6847,4039050,DuveDe00,Devin Duvernay,ARI,WR,29.0,6,2020,92.0,ACT,,,,,,,1782260424474.0,6.0,Active,True
00-0036345,7066,3916566,OsboKJ00,K.J. Osborn,TEN,WR,29.2,6,2020,176.0,DEV,,,,,,,1788482716450.0,,Active,True
00-0036355,6797,4038941,HerbJu00,Justin Herbert,LAC,QB,28.5,6,2020,6.0,ACT,,,,,,,1788553522366.0,1.0,Active,True
00-0036358,6786,4241389,LambCe00,CeeDee Lamb,DAL,WR,27.4,6,2020,17.0,ACT,,,,,,,1788616517110.0,1.0,Active,True
00-0036387,6798,4241802,ReagJa00,Jalen Reagor,MIA,WR,27.7,6,2020,21.0,DEV,,,,,,,1788318625892.0,,Active,True
00-0036389,6904,4040715,HurtJa00,Jalen Hurts,PHI,QB,28.1,6,2020,53.0,ACT,,,,,,,1788557122735.0,1.0,Active,True
00-0036407,6783,4241463,JeudJe00,Jerry Jeudy,CLE,WR,27.4,6,2020,15.0,ACT,,,,,,,1788642324536.0,1.0,Active,True
00-0036410,6801,4239993,HiggTe00,Tee Higgins,CIN,WR,27.6,6,2020,33.0,ACT,,,,,,,1788994548307.0,2.0,Active,True
00-0036422,6869,3911853,TrauAd00,Adam Trautman,DEN,TE,29.6,6,2020,105.0,ACT,,,,,,,1780438849629.0,2.0,Active,True
00-0036423,6843,4035115,OkwuAl00,Albert Okwuegbunam,LV,TE,28.4,6,2020,118.0,DEV,,,,,,,1788486016661.0,,Active,True
00-0036425,6931,4240631,DallDe00,DeeJay Dallas,MIN,RB,28.0,6,2020,144.0,DEV,,,,,,,1788450306747.0,,Active,True
00-0036429,7075,4035020,WoerCh00,Charlie Woerner,ATL,TE,28.9,6,2020,190.0,ACT,,,,,,,1780442450084.0,3.0,Active,True
00-0036442,6770,3915511,BurrJo01,Joe Burrow,CIN,QB,29.7,6,2020,1.0,ACT,,,,,,,1788453005931.0,1.0,Active,True
00-0036463,7521,4369886,BlaiCh00,Chris Blair,ATL,WR,28.9,6,2021,,ACT,,,,,,,1767685510813.0,5.0,Active,True
00-0036491,8005,4258170,BlacTa00,Tarik Black,DET,WR,28.6,5,2021,,CUT,,,,,,,1785993646075.0,,Active,True
00-0036497,8013,4245131,JoneTi00,Tim Jones,JAX,WR,28.3,5,2021,,DEV,,,,,,,1788313524687.0,,Active,True
00-0036534,8041,4608362,ZylsSh00,Shane Zylstra,NE,TE,29.8,5,2021,,DEV,,,,,,,1788449707052.0,,Active,True
00-0036550,7571,4360939,BateRa00,Rashod Bateman,BAL,WR,26.8,5,2021,27.0,ACT,,,,,,,1788835544456.0,2.0,Active,True
00-0036554,7569,4258173,CollNi00,Nico Collins,HOU,WR,27.5,5,2021,89.0,ACT,,,,,,,1788531320658.0,1.0,Active,True
00-0036555,7594,4241416,HubbCh01,Chuba Hubbard,CAR,RB,27.2,5,2021,126.0,ACT,,,,,,,1788983146148.0,1.0,Active,True
00-0036556,7568,4362504,JordBr00,Brevin Jordan,HOU,TE,26.1,5,2021,147.0,ACT,Questionable,,Undisclosed,,,,1788306023770.0,5.0,Active,True
00-0036590,7536,4244049,MorrQu00,Quintin Morris,JAX,TE,27.6,5,2021,,ACT,,,,,,,1780442450154.0,4.0,Active,True
00-0036613,7526,4372016,WaddJa00,Jaylen Waddle,DEN,WR,27.8,5,2021,6.0,ACT,,,,,,,1788537921125.0,1.0,Active,True
00-0036626,7587,4361577,BrowDy00,Dyami Brown,WAS,WR,26.9,5,2021,82.0,ACT,,,,,,,1786389642879.0,6.0,Active,True
00-0036628,7716,4048228,BateJo00,John Bates,WAS,TE,28.8,5,2021,124.0,ACT,,,,,,,1786946722142.0,2.0,Active,True
00-0036630,7595,4241424,WallTy00,Tylan Wallace,CLE,WR,27.3,5,2021,131.0,ACT,,,,,,,1782249623411.0,6.0,Active,True
00-0036635,7559,4240573,SmitIh00,Ihmir Smith-Marsette,ARI,WR,27.0,5,2021,157.0,DEV,,,,,,,1788238216850.0,,Active,True
00-0036637,7828,4240472,GrayNo00,Noah Gray,KC,TE,27.4,5,2021,162.0,ACT,,,,,,,1787979042986.0,2.0,Active,True
00-0036646,7812,4360739,FehoSi00,Simi Fehoko,ARI,WR,28.8,5,2021,179.0,ACT,,,,,,,1787988043310.0,8.0,Active,True
00-0036647,7541,4035465,PoweCo00,Cornell Powell,PIT,WR,28.9,5,2021,181.0,CUT,,,,,,,1787957740784.0,,Active,True
00-0036670,7599,4374033,JeffJe00,Jermar Jefferson,MIN,RB,26.4,5,2021,257.0,RES,IR,,Undisclosed,,,,1788231016736.0,6.0,Inactive,True
00-0036679,8002,4039034,BuecSh00,Shane Buechele,BUF,QB,28.7,5,2021,,DEV,,,,,,,1788304823026.0,,Active,True
00-0036727,8025,3929914,PrenAd00,Adam Prentice,DEN,RB,29.6,5,2021,,DEV,,,,,,,,,,
00-0036754,7891,4242392,WrigBr01,Brock Wright,DET,TE,27.8,5,2021,,ACT,,,,,,,1787427625599.0,2.0,Active,True
00-0036775,7865,4240577,SmitBr07,Brandon Smith,PIT,WR,27.7,5,2021,,DEV,,,,,,,1788405638332.0,,Active,True
00-0036825,7531,4034948,FranFe00,Feleipe Franks,CAR,TE,28.7,5,2021,,ACT,,,,,,,1774205754255.0,5.0,Active,True
00-0036841,7746,4244856,TramAu00,Austin Trammell,JAX,WR,28.2,5,2021,,DEV,,,,,,,1788313825010.0,,Active,True
00-0036842,7720,4035537,NwanKe00,Kene Nwangwu,NYJ,RB,28.6,5,2021,119.0,ACT,,,,,,,1780024825593.0,5.0,Active,True
00-0036849,7562,4360797,AtweTu00,Tutu Atwell,LA,WR,26.9,5,2021,57.0,ACT,,,,,,,1788747934891.0,5.0,Active,True
00-0036862,7757,4035656,SkowBe00,Ben Skowronek,PIT,WR,29.2,5,2021,249.0,ACT,,,,,,,1788214814433.0,5.0,Active,True
00-0036875,7611,4569173,StevRh00,Rhamondre Stevenson,NE,RB,28.5,5,2021,120.0,ACT,,,,,,,1788961225922.0,1.0,Active,True
00-0036876,7602,4039160,GranKy00,Kylen Granson,TEN,TE,28.5,5,2021,127.0,ACT,,,,,,,1780442450107.0,3.0,Active,True
00-0036879,7583,4241820,EhliSa00,Sam Ehlinger,DEN,QB,27.9,5,2021,218.0,ACT,,,,,,,1786568725069.0,3.0,Active,True
00-0036887,7842,4040612,FarrLu00,Luke Farrell,SF,TE,28.9,5,2021,145.0,ACT,,,,,,,1780442450172.0,3.0,Active,True
00-0036893,7528,4241457,HarrNa00,Najee Harris,NYG,RB,28.5,5,2021,24.0,ACT,,,,,,,1788876349242.0,2.0,Active,True
00-0036894,7600,4361411,FreiPa00,Pat Freiermuth,PIT,TE,27.9,5,2021,55.0,ACT,,,,,,,1788895851227.0,1.0,Active,True
00-0036898,7585,4242546,MillDa02,Davis Mills,HOU,QB,27.9,5,2021,67.0,ACT,,,,,,,1784337923253.0,2.0,Active,True
00-0036900,7564,4362628,ChasJa00,Ja'Marr Chase,CIN,WR,26.5,5,2021,5.0,ACT,,,,,,,1788993048112.0,1.0,Active,True
00-0036912,7525,4241478,SmitDe07,DeVonta Smith,PHI,WR,27.8,5,2021,10.0,ACT,,,,,,,1788554423238.0,1.0,Active,True
00-0036919,7567,4371733,GainKe00,Kenny Gainwell,TB,RB,27.5,5,2021,150.0,ACT,,,,,,,1788900051666.0,2.0,Active,True
00-0036924,7607,4240657,CartMi03,Michael Carter,TEN,RB,27.3,5,2021,107.0,DEV,,,,,,,1788481817508.0,,Active,True
00-0036945,7591,4362887,FielJu00,Justin Fields,KC,QB,27.5,5,2021,11.0,ACT,,,,,,,1787457628557.0,2.0,Active,True
00-0036959,8076,4034704,BandMi00,Michael Bandy,DEN,WR,28.8,5,2021,,DEV,,,,,,,1788309624530.0,,Active,True
00-0036963,7547,4374302,StxxAm00,Amon-Ra St. Brown,DET,WR,26.9,5,2021,112.0,ACT,,,,,,,1788361530209.0,1.0,Active,True
00-0036970,7553,4360248,PittKy00,Kyle Pitts,ATL,TE,25.9,5,2021,4.0,ACT,,,,,,,1788702630463.0,1.0,Active,True
00-0036971,7523,4360310,LawrTr00,Trevor Lawrence,JAX,QB,26.9,5,2021,1.0,ACT,,,,,,,1788493216806.0,1.0,Active,True
00-0036972,7527,4241464,JoneMa05,Mac Jones,SF,QB,28.0,5,2021,15.0,ACT,,,,,,,1787958940040.0,2.0,Active,True
00-0036973,7543,4239996,EtieTr00,Travis Etienne,NO,RB,27.6,5,2021,25.0,ACT,,,,,,,1788535525515.0,1.0,Active,True
00-0036980,7596,4372414,MoorEl00,Elijah Moore,PHI,WR,26.5,5,2021,34.0,ACT,,,,,,,1788059452419.0,6.0,Active,True
00-0036984,7593,4241401,SermTr00,Trey Sermon,ATL,RB,27.6,5,2021,88.0,RES,IR,,Undisclosed,,,,1787182516868.0,3.0,Inactive,True
00-0036988,7670,4242433,PalmJo00,Josh Palmer,BUF,WR,27.0,5,2021,77.0,ACT,,,,,,,1788893451527.0,4.0,Active,True
00-0036997,7588,4361579,WillJa10,Javonte Williams,DAL,RB,26.4,5,2021,35.0,ACT,,,,,,,1788561023166.0,1.0,Active,True
00-0037004,7535,4239944,LongHu00,Hunter Long,ARI,TE,28.1,5,2021,81.0,ACT,,,,,,,1788111957736.0,3.0,Active,True
00-0037005,7694,4372780,TremTo00,Tommy Tremble,CAR,TE,26.3,5,2021,83.0,ACT,,,,,,,1787424625321.0,2.0,Active,True
00-0037011,7554,4240023,McKiTr00,Tre' McKitty,WAS,TE,27.7,5,2021,97.0,CUT,,,,,,,1787067347249.0,,Active,True
00-0037012,7610,4383351,LancTr00,Trey Lance,LAC,QB,26.3,5,2021,3.0,ACT,,,,,,,1788146106475.0,2.0,Active,True
00-0037013,7538,4361259,WilsZa00,Zach Wilson,NO,QB,27.1,5,2021,2.0,ACT,,,,,,,1787976942824.0,2.0,Active,True
00-0037031,8107,4916349,KaliNi00,Nikola Kalinic,CHI,TE,29.6,4,2022,,RES,IR,,Knee,,,,1787096450285.0,5.0,Inactive,True
00-0037055,8745,4247812,McCuLa01,Lance McCutcheon,TEN,WR,27.5,4,2022,,CUT,,,,,,,1775096417045.0,,Active,True
00-0037077,8162,4426875,HoweSa00,Sam Howell,DAL,QB,26.0,4,2022,144.0,ACT,,,,,,,1788304523035.0,2.0,Active,True
00-0037078,8214,4361438,TurnCo00,Cole Turner,MIA,TE,26.5,4,2022,149.0,RES,IR,,Undisclosed,,,,1787874054706.0,5.0,Inactive,True
00-0037085,8208,4362748,BadiTy00,Tyler Badie,DEN,RB,27.6,4,2022,196.0,ACT,,,,,,,1788617417619.0,4.0,Active,True
00-0037086,8177,4241374,CalcGr00,Grant Calcaterra,PHI,TE,27.8,4,2022,198.0,RES,IR,,Back,,,,1788301823709.0,4.0,Inactive,True
00-0037091,8204,4259305,MeltBo00,Bo Melton,GB,WR,27.3,4,2022,229.0,ACT,,,,,,,1787977242647.0,4.0,Active,True
00-0037093,8527,4401805,YounDa02,Dareke Young,LV,WR,27.3,4,2022,233.0,ACT,,,,,,,1782249623537.0,5.0,Active,True
00-0037098,8235,4027873,TourSa00,Samori Toure,PHI,WR,28.5,4,2022,258.0,CUT,,,,,,,1788024647802.0,,Active,True
00-0037112,8698,4259147,TongJa00,Jake Tonges,SF,TE,27.2,4,2022,,ACT,,,,,,,1788721532219.0,2.0,Active,True
00-0037120,8207,4429676,GoodTy00,Tyler Goodson,ATL,RB,25.8,4,2022,,DEV,,,,,,,1788237616612.0,,Active,True
00-0037132,8414,3926231,CoveBr00,Britain Covey,PHI,WR,29.5,4,2022,,DEV,,,,,,,1788403837412.0,,Active,True
00-0037156,8861,3929636,CharIr00,Irvin Charles,SEA,WR,29.4,4,2022,,RES,IR,,Undisclosed,,,,1788212414843.0,5.0,Inactive,True
00-0037157,8122,4427728,KnigZo00,Bam Knight,ARI,RB,25.4,4,2022,,ACT,,,,,,,1786077909551.0,3.0,Active,True
00-0037197,8205,4361529,PachIs00,Isiah Pacheco,DET,RB,27.5,4,2022,251.0,RES,IR,,Back,,,,1788372331442.0,4.0,Inactive,True
00-0037228,8228,4569987,WarrJa01,Jaylen Warren,PIT,RB,27.9,4,2022,,ACT,,,,,,,1788973234282.0,1.0,Active,True
00-0037231,8200,4372758,AustKe00,Kevin Austin Jr.,NO,WR,26.4,4,2022,,DEV,,,,,,,1788393034648.0,,Active,True
00-0037238,8112,4426502,LondDr00,Drake London,ATL,WR,25.1,4,2022,8.0,ACT,,,,,,,1788537021086.0,1.0,Active,True
00-0037239,8144,4361370,OlavCh00,Chris Olave,NO,WR,26.2,4,2022,11.0,ACT,,,,,,,1788560723476.0,1.0,Active,True
00-0037240,8148,4426388,WillJa11,Jameson Williams,DET,WR,25.5,4,2022,12.0,ACT,,,,,,,1788364530619.0,2.0,Active,True
00-0037247,8137,4426354,PickGe00,George Pickens,DAL,WR,25.5,4,2022,52.0,ACT,,,,,,,1788558022796.0,2.0,Active,True
00-0037248,8138,4379399,CookJa01,James Cook,BUF,RB,27.0,4,2022,63.0,ACT,,,,,,,1788447941553.0,1.0,Active,True
00-0037252,8172,4367209,DulcGr00,Greg Dulcich,MIA,TE,26.5,4,2022,80.0,ACT,,,,,,,1788804641153.0,1.0,Active,True
00-0037256,8136,4697815,WhitRa01,Rachaad White,WAS,RB,27.7,4,2022,91.0,ACT,,,,,,,1788991247988.0,2.0,Active,True
00-0037258,8129,4360238,PierDa01,Dameon Pierce,PHI,RB,26.6,4,2022,107.0,DEV,,,,,,,1788404137676.0,,Active,True
00-0037261,8134,4373678,ShakKh00,Khalil Shakir,BUF,WR,26.6,4,2022,148.0,ACT,,,,,,,1788990347732.0,2.0,Active,True
00-0037263,8132,4373626,AllgTy00,Tyler Allgeier,ARI,RB,26.4,4,2022,151.0,ACT,,,,,,,1788959725721.0,2.0,Active,True
00-0037276,8230,4242431,ChanTy01,Ty Chandler,NO,RB,28.3,4,2022,169.0,RES,IR,,Knee,,,,1787697641245.0,5.0,Inactive,True
00-0037277,8227,4374045,QuitTe00,Teagan Quitoriano,ARI,TE,26.5,4,2022,170.0,DEV,,,,,,,1788238216835.0,,Active,True
00-0037282,8170,4361988,MitcJa00,James Mitchell,DAL,TE,27.1,4,2022,177.0,DEV,,,,,,,1788480616444.0,,Active,True
00-0037291,8180,4382466,NailJa00,Jalen Nailor,LV,WR,27.5,4,2022,191.0,ACT,,,,,,,1788550822308.0,2.0,Active,True
00-0037292,8489,4722908,OgleAn00,Andrew Ogletree,IND,TE,28.1,4,2022,192.0,ACT,Questionable,,Neck,,,,1788993046887.0,3.0,Active,True
00-0037304,8181,4241961,HeywCo00,Connor Heyward,LV,RB,27.6,4,2022,208.0,ACT,,,,,,,1780611637341.0,3.0,Active,True
00-0037311,8484,4034779,KiefKo00,Ko Kieft,TB,TE,28.6,4,2022,218.0,ACT,,,,,,,1785447923809.0,3.0,Active,True
00-0037317,8523,4249624,MuseNi00,Nick Muse,ATL,TE,27.8,4,2022,227.0,DEV,,,,,,,1788238216837.0,,Active,True
00-0037324,8413,4044111,OladCh00,Chris Oladokun,KC,QB,29.0,4,2022,241.0,RES,Questionable,,Undisclosed,,,,1788852048167.0,,Inactive,True
00-0037327,8206,4036419,ThomSk00,Skylar Thompson,BAL,QB,29.3,4,2022,247.0,RES,IR,,Undisclosed,,,,1786562720771.0,3.0,Inactive,True
00-0037329,8423,4036032,BrowBr06,Brittain Brown,CHI,RB,28.9,4,2022,250.0,RES,IR,,Undisclosed,,,,1788193513409.0,5.0,Inactive,True
00-0037340,8799,4876006,MitcZa00,Zaire Mitchell-Paden,HOU,TE,27.1,4,2022,,DEV,,,,,,,1788310824776.0,,Active,True
00-0037380,8755,5065495,DaviKa02,Kaden Davis,CHI,WR,28.0,4,2022,,DEV,,,,,,,1788309924404.0,,Active,True
00-0037382,8756,4035198,JohnBr23,Brandon Johnson,PIT,WR,28.1,4,2022,,DEV,,,,,,,1788406537966.0,,Active,True
00-0037410,8194,4372519,CorbJa01,Jashaun Corbin,DAL,RB,26.1,4,2022,,CUT,,,,,,,1786180229486.0,,Active,True
00-0037422,8783,4035776,PryoKe00,Kendric Pryor,CIN,WR,28.7,4,2022,,CUT,,,,,,,1771453522314.0,,Active,True
00-0037475,8583,4250764,SmarSt00,Stone Smartt,NO,TE,27.9,4,2022,,DEV,,,,,,,1788401136571.0,,Active,True
00-0037487,8253,4374187,ThomDe07,Deven Thompkins,LV,WR,26.7,4,2022,,DEV,,,,,,,1788316225422.0,,Active,True
00-0037509,8220,4430104,McCoSi00,Sincere McCormick,SF,RB,26.0,4,2022,,DEV,,,,,,,1788406838079.0,,Active,True
00-0037524,8250,4245144,MartTa00,Tay Martin,DET,WR,28.7,4,2022,,ACT,,,,,,,1788618917601.0,4.0,Active,True
00-0037525,8408,4360569,MasoJo00,Jordan Mason,MIN,RB,27.3,4,2022,,ACT,,,,,,,1788618317218.0,2.0,Active,True
00-0037539,8249,4360231,KrulLu00,Lucas Krull,DEN,TE,28.2,4,2022,,DEV,,,,,,,1788309624514.0,,Active,True
00-0037545,8676,4032473,ShahRa00,Rashid Shaheed,SEA,WR,28.0,4,2022,,ACT,,,,,,,1788964826270.0,2.0,Active,True
00-0037557,8195,4243003,RiveRo01,Ronnie Rivers,LA,RB,27.6,4,2022,,ACT,,,,,,,1779560456797.0,3.0,Active,True
00-0037563,8800,4240603,DaviMa02,Malik Davis,DAL,RB,27.8,4,2022,,ACT,,,,,,,1788843345303.0,2.0,Active,True
00-0037570,8801,4572786,HousDe01,Dennis Houston,TB,WR,27.4,4,2022,,CUT,Questionable,,Groin,,,,1788147608040.0,,Inactive,True
00-0037594,8254,4367567,ChesJu00,Julius Chestnut,TEN,RB,25.9,4,2022,,ACT,,,,,,,1780024825668.0,4.0,Active,True
00-0037614,8147,4567096,MetcJo00,John Metchie III,CAR,WR,26.1,4,2022,44.0,ACT,,,,,,,1787988043652.0,4.0,Active,True
00-0037617,8123,4372071,HaskHa00,Hassan Haskins,NE,RB,26.8,4,2022,131.0,DEV,,,,,,,1788399036070.0,,Active,True
00-0037664,8142,4360078,PierAl00,Alec Pierce,IND,WR,26.4,4,2022,53.0,ACT,Questionable,,Heel,,,,1788987347473.0,1.0,Active,True
00-0037666,8117,4249417,TolbJa00,Jalen Tolbert,MIA,WR,27.5,4,2022,88.0,ACT,,,,,,,1788640524274.0,3.0,Active,True
00-0037708,8921,3914307,AlexMa02,Maurice Alexander,CHI,WR,29.7,6,2022,,CUT,,,,,,,1768955410655.0,,Active,True
00-0037740,8146,4569618,WilsGa00,Garrett Wilson,NYJ,WR,26.1,4,2022,10.0,ACT,,,,,,,1788464106858.0,1.0,Active,True
00-0037741,8119,4361409,DotsJa00,Jahan Dotson,ATL,WR,26.5,4,2022,16.0,ACT,,,,,,,1788021647085.0,2.0,Active,True
00-0037742,8135,4567156,BurkTr00,Treylon Burks,WAS,WR,26.5,4,2022,18.0,ACT,,,,,,,1788629118458.0,4.0,Active,True
00-0037744,8130,4361307,McBrTr01,Trey McBride,ARI,TE,26.8,4,2022,55.0,ACT,,,,,,,1788756935922.0,1.0,Active,True
00-0037745,8223,4035693,JoneVe00,Velus Jones Jr.,SEA,RB,29.3,4,2022,71.0,DEV,,,,,,,1788989746529.0,,Active,True
00-0037746,8154,4241474,RobiBr01,Brian Robinson,ATL,RB,27.5,4,2022,98.0,ACT,,,,,,,1788812142771.0,2.0,Active,True
00-0037755,8219,4241410,WoodJe01,Jelani Woods,NYJ,TE,27.9,4,2022,73.0,ACT,,,,,,,1786056059392.0,4.0,Active,True
00-0037801,8917,3676833,TurpKa00,KaVontae Turpin,DAL,WR,30.1,7,2022,,ACT,,,,,,,1787282154767.0,4.0,Active,True
00-0037805,8145,4361372,RuckJe00,Jeremy Ruckert,NYJ,TE,26.1,4,2022,101.0,ACT,,,,,,,1780442450236.0,3.0,Active,True
00-0037809,8210,4360635,OkonCh00,Chig Okonkwo,WAS,TE,27.0,4,2022,143.0,ACT,,,,,,,1788834944462.0,1.0,Active,True
00-0037816,8121,4361432,DoubRo00,Romeo Doubs,NE,WR,26.4,4,2022,132.0,ACT,,,,,,,1788933023080.0,2.0,Active,True
00-0037828,8176,4689546,GrayDa02,Danny Gray,PHI,WR,27.4,4,2022,105.0,DEV,,,,,,,1788282620408.0,,Active,True
00-0037834,8183,4361741,PurdBr00,Brock Purdy,SF,QB,26.7,4,2022,262.0,ACT,,,,,,,1788701730242.0,1.0,Active,True
00-0037837,8125,4243389,AustCa00,Calvin Austin III,NYG,WR,27.5,4,2022,138.0,RES,IR,,Knee,,,,1787873754443.0,7.0,Inactive,True
00-0037838,8131,4361050,LikeIs00,Isaiah Likely,NYG,TE,26.4,4,2022,139.0,ACT,,,,,,,1788445541494.0,1.0,Active,True
00-0037840,8150,4430737,WillKy02,Kyren Williams,LA,RB,26.0,4,2022,164.0,ACT,,,,,,,1788614116896.0,1.0,Active,True
00-0038040,8139,4361777,WhitZa01,Zamir White,NO,RB,27.0,4,2022,122.0,DEV,,,,,,,1788403535586.0,,Active,True
00-0038041,8110,4242355,FergJa00,Jake Ferguson,DAL,TE,27.6,4,2022,129.0,ACT,,,,,,,1788539722708.0,1.0,Active,True
00-0038046,8127,4241263,KolaCh00,Charlie Kolar,LAC,TE,27.6,4,2022,128.0,ACT,,,,,,,1788881749731.0,3.0,Active,True
00-0038090,8168,4430191,MoorSk01,Skyy Moore,GB,WR,26.0,4,2022,54.0,ACT,,,,,,,1788910521940.0,5.0,Active,True
00-0038092,8114,4362186,EzukEr00,Erik Ezukanma,PHI,WR,26.6,4,2022,125.0,CUT,,,,,,,1781619622337.0,,Active,True
00-0038098,8116,4249836,StroPi00,Pierre Strong,GB,RB,27.7,4,2022,127.0,DEV,,,,,,,1788311125635.0,,Active,True
00-0038102,8160,4240703,PickKe00,Kenny Pickett,CAR,QB,28.3,4,2022,20.0,ACT,,,,,,,1786071309541.0,2.0,Active,True
00-0038104,8188,4362921,ThorTy00,Tyquan Thornton,KC,WR,26.1,4,2022,50.0,ACT,,,,,,,1787978743145.0,3.0,Active,True
00-0038108,8157,4250360,ZappBa00,Bailey Zappe,NYJ,QB,27.4,4,2022,137.0,DEV,,,,,,,1788404435790.0,,Active,True
00-0038115,8225,4361516,BellDa00,Daniel Bellinger,TEN,TE,26.0,4,2022,112.0,ACT,,,,,,,1786290028229.0,2.0,Active,True
00-0038117,8126,4569587,RobiWa01,Wan'Dale Robinson,TEN,WR,25.7,4,2022,43.0,ACT,,,,,,,1788988546732.0,2.0,Active,True
00-0038120,8155,4427366,HallBr03,Breece Hall,NYJ,RB,25.3,4,2022,36.0,ACT,,,,,,,1788985847561.0,1.0,Active,True
00-0038124,8167,4248528,WatsCh00,Christian Watson,GB,WR,27.3,4,2022,34.0,ACT,,,,,,,1788711931353.0,1.0,Active,True
00-0038128,8161,4242512,WillMa12,Malik Willis,MIA,QB,27.3,4,2022,86.0,ACT,,,,,,,1788906620891.0,1.0,Active,True
00-0038129,8111,4243331,OttoCa00,Cade Otton,TB,TE,27.4,4,2022,106.0,ACT,,,,,,,1788550822761.0,1.0,Active,True
00-0038134,8151,4567048,WalkKe00,Kenneth Walker III,KC,RB,25.9,4,2022,41.0,ACT,,,,,,,1788621917593.0,1.0,Active,True
00-0038145,8924,,,Thomas Odukoya,KC,TE,29.3,4,2022,,EXE,,,,,,,1788740134498.0,,Active,True
00-0038181,11520,3915802,JackLu00,Lucky Jackson,DET,WR,29.1,6,2023,,DEV,,,,,,,1788310524623.0,,Active,True
00-0038359,11168,4386544,SmitXa00,Xavier Smith,LA,WR,29.0,3,2023,,ACT,,,,,,,1781299233276.0,7.0,Active,True
00-0038389,9227,4429202,AbanIs00,Israel Abanikanda,DAL,RB,23.9,3,2023,143.0,DEV,,,,,,,1788309624482.0,,Active,True
00-0038391,10983,4259592,ClifSe00,Sean Clifford,CIN,QB,28.2,3,2023,149.0,DEV,,,,,,,1788309024564.0,,Active,True
00-0038393,9486,4428850,WickDo00,Dontayvion Wicks,PHI,WR,25.2,3,2023,159.0,ACT,,,,,,,1788878149480.0,2.0,Active,True
00-0038394,10220,4362523,MallWi00,Will Mallory,IND,TE,27.2,3,2023,162.0,RES,IR,,Thumb,,,,1788196514145.0,5.0,Active,True
00-0038396,10223,4570561,GrayEr01,Eric Gray,NYG,RB,26.8,3,2023,172.0,CUT,,,,,,,1788124258891.0,,Active,True
00-0038397,9220,4569609,HullEv00,Evan Hull,ARI,RB,25.9,3,2023,176.0,DEV,,,,,,,1788237916868.0,,Active,True
00-0038400,9230,4685201,McKeTa01,Tanner McKee,PHI,QB,26.4,3,2023,188.0,ACT,,,,,,,1787975742557.0,3.0,Active,True
00-0038406,9483,4361417,KuntZa00,Zack Kuntz,DAL,TE,27.3,3,2023,220.0,CUT,,,,,,,1786077910234.0,,Active,True
00-0038409,9510,4428119,NichLe00,Lew Nichols III,PIT,RB,25.1,3,2023,235.0,DEV,,,,,,,1788405038165.0,,Active,True
00-0038416,11256,4434153,BageTy00,Tyson Bagent,CHI,QB,26.3,3,2023,,ACT,Questionable,,Back,,,,1788985248013.0,3.0,Active,True
00-0038440,11299,4257364,ScotZa00,Zavier Scott,CHI,RB,27.1,3,2023,,DEV,,,,,,,1788309024526.0,,Active,True
00-0038454,9511,4596334,MitcKe01,Keaton Mitchell,LAC,RB,24.6,3,2023,,ACT,Questionable,,Undisclosed,,,,1788991246662.0,2.0,Active,True
00-0038458,11384,4249616,WrigOw00,Owen Wright,HOU,RB,27.5,3,2023,,CUT,,,,,,,1788042650362.0,,Active,True
00-0038476,11292,4240391,DeViTo00,Tommy DeVito,NE,QB,28.1,3,2023,,ACT,,,,,,,1779920431123.0,2.0,Active,True
00-0038488,11280,4243176,RussBr00,Brady Russell,SEA,RB,28.0,3,2023,,ACT,,,,,,,1781216404114.0,6.0,Active,True
00-0038489,11273,4372070,VanSBe00,Ben VanSumeren,KC,RB,26.3,3,2023,,DEV,,,,,,,,,,
00-0038492,11311,4689988,BrowJa07,Jason Brownlee,KC,WR,27.6,3,2023,,CUT,,,,,,,1769474135133.0,,Active,True
00-0038496,11306,4427278,GipsXa00,Xavier Gipson,NYG,WR,25.5,3,2023,,CUT,,,,,,,1767483648221.0,,Active,True
00-0038498,11304,4248557,JenkEJ00,E.J. Jenkins,PHI,TE,27.8,3,2023,,ACT,,,,,,,1768343419420.0,5.0,Active,True
00-0038519,11320,4372716,RemiNi00,Nikko Remigio,KC,WR,26.8,3,2023,,ACT,,,,,,,1782253224042.0,6.0,Active,True
00-0038542,9509,4430807,RobiBi01,Bijan Robinson,ATL,RB,24.6,3,2023,8.0,ACT,,,,,,,1788527720297.0,1.0,Active,True
00-0038543,9488,4430878,SmitJa06,Jaxon Smith-Njigba,SEA,WR,24.6,3,2023,20.0,ACT,,,,,,,1788466507078.0,1.0,Active,True
00-0038544,9754,4429025,JohnQu02,Quentin Johnston,LAC,WR,25.0,3,2023,21.0,ACT,,,,,,,1788553522367.0,2.0,Active,True
00-0038547,10871,4372096,SchoLu00,Luke Schoonmaker,DAL,TE,27.9,3,2023,58.0,ACT,,,,,,,1780438849885.0,2.0,Active,True
00-0038550,9998,4240858,HookHe00,Hendon Hooker,TEN,QB,28.7,3,2023,68.0,DEV,,,,,,,1788482416635.0,,Active,True
00-0038551,9757,4599739,MillKe01,Kendre Miller,NO,RB,24.2,3,2023,71.0,ACT,,,,,,,1788990347758.0,2.0,Active,True
00-0038555,9225,4429013,BigsTa00,Tank Bigsby,PHI,RB,24.0,3,2023,88.0,ACT,,,,,,,1788970534035.0,2.0,Active,True
00-0038558,9479,4430802,WashDa03,Darnell Washington,PIT,TE,25.1,3,2023,93.0,ACT,,,,,,,1788390634666.0,2.0,Active,True
00-0038559,10232,4360761,WilsMi02,Michael Wilson,ARI,WR,26.5,3,2023,94.0,ACT,,,,,,,1788455106623.0,2.0,Active,True
00-0038563,10213,4428718,TuckTr00,Tre Tucker,LV,WR,25.5,3,2023,100.0,ACT,,,,,,,1788962726159.0,1.0,Active,True
00-0038564,10210,4372026,LatuCa01,Cameron Latu,NE,TE,26.5,3,2023,101.0,ACT,,,,,,,1788233418179.0,4.0,Active,True
00-0038573,10234,4362477,DaviDe02,Derius Davis,LAC,WR,26.0,3,2023,125.0,ACT,,,,,,,1782253224110.0,6.0,Active,True
00-0038576,10228,4257188,JoneCh11,Charlie Jones,NYG,WR,27.9,3,2023,131.0,DEV,,,,,,,1788400536464.0,,Active,True
00-0038579,10866,4260394,OConAi00,Aidan O'Connell,LV,QB,28.0,3,2023,135.0,ACT,,,,,,,1779924031748.0,2.0,Active,True
00-0038589,10212,4360086,WhylJo01,Josh Whyle,GB,TE,27.0,3,2023,147.0,ACT,,,,,,,1786481443031.0,3.0,Active,True
00-0038590,9489,4361426,ShorJu00,Justin Shorter,LV,WR,26.4,3,2023,150.0,RES,IR,,Undisclosed,,,,1777937415977.0,9.0,Inactive,True
00-0038597,9224,4362238,BrowCh10,Chase Brown,CIN,RB,26.5,3,2023,163.0,ACT,,,,,,,1788619217404.0,1.0,Active,True
00-0038606,9487,4432620,WashPa01,Parker Washington,JAX,WR,24.5,3,2023,185.0,ACT,,,,,,,1788981045275.0,1.0,Active,True
00-0038608,9504,4429022,BoutKa00,Kayshon Boutte,HOU,WR,24.3,3,2023,187.0,ACT,,,,,,,1788981945452.0,2.0,Active,True
00-0038611,10219,4362619,RodrCh00,Chris Rodriguez Jr.,JAX,RB,27.0,3,2023,193.0,ACT,,,,,,,1788986448502.0,2.0,Active,True
00-0038614,10994,4373684,MatlSc00,Scott Matlock,LAC,RB,26.2,3,2023,200.0,RES,,,,,,,,,,
00-0038618,10218,4686422,HutcXa00,Xavier Hutchinson,HOU,WR,26.3,3,2023,205.0,ACT,,,,,,,1787588439020.0,4.0,Active,True
00-0038619,10226,4368003,IosiAn00,Andrei Iosivas,CIN,WR,26.9,3,2023,206.0,ACT,,,,,,,1788630318483.0,3.0,Active,True
00-0038621,9501,4427095,DougDe00,DeMario Douglas,NE,WR,25.8,3,2023,210.0,ACT,,,,,,,1788702030395.0,3.0,Active,True
00-0038622,9505,4431453,VaugDe00,Deuce Vaughn,HOU,RB,24.9,3,2023,212.0,CUT,,,,,,,1788063052761.0,,Active,True
00-0038640,11034,4692835,BrooJa03,Jalen Brooks,ARI,WR,26.3,3,2023,244.0,ACT,,,,,,,1788060952486.0,4.0,Active,True
00-0038643,10224,4360290,WillBr06,Brayden Willis,SF,TE,26.8,3,2023,247.0,CUT,,,,,,,1788739834439.0,,Active,True
00-0038647,10221,4372063,BellRo01,Ronnie Bell,LV,WR,26.6,3,2023,253.0,DEV,,,,,,,1788852048199.0,,Active,True
00-0038658,11065,4361182,,Adrian Martinez,SF,QB,26.7,3,2023,,CUT,,,,,,,1788063652698.0,,Active,True
00-0038667,11139,4241588,CookEl00,Elijah Cooks,CAR,WR,27.9,3,2023,,CUT,,,,,,,1788031248608.0,,Active,True
00-0038678,11378,4243004,MimsJo00,Jordan Mims,PHI,RB,27.2,3,2023,,CUT,,,,,,,1787934928498.0,,Active,True
00-0038679,11377,4241476,ShavTy00,Tyrell Shavers,BUF,WR,27.1,3,2023,,RES,PUP,Surgery,Knee - ACL,,,,1788292822435.0,8.0,Active,True
00-0038685,11370,3149687,BrooCh00,Chris Brooks,GB,RB,26.7,3,2023,,ACT,,,,,,,1788898551487.0,2.0,Active,True
00-0038705,11199,4362478,DemeEm00,Emari Demercado,DAL,RB,27.6,3,2023,,ACT,,,,,,,1788207014965.0,3.0,Active,True
00-0038710,11201,4362018,WhitBl01,Blake Whiteheart,CLE,TE,26.5,3,2023,,ACT,,,,,,,1780442450453.0,2.0,Active,True
00-0038720,11371,4365395,HillJu02,Julian Hill,NE,TE,26.2,3,2023,,RES,IR,,Knee,,,,1780442450470.0,5.0,Inactive,True
00-0038728,11056,4430681,WaynJa01,Jared Wayne,HOU,WR,25.9,3,2023,,ACT,,,,,,,1768958411063.0,,Active,True
00-0038735,11508,4242442,FantPr00,Princeton Fant,DAL,TE,27.5,3,2023,,RES,IR,Surgery,Knee - ACL + MCL,,,,1786078510328.0,5.0,Inactive,True
00-0038738,11510,4383396,LuepHu00,Hunter Luepke,DAL,RB,26.5,3,2023,,ACT,,,,,,,,,,
00-0038740,11506,4426990,MoreJa01,Jalen Moreno-Cropper,NO,WR,25.4,3,2023,,DEV,,,,,,,1788400836593.0,,Active,True
00-0038752,10867,4360405,BoboJa00,Jake Bobo,SEA,WR,28.1,3,2023,,RES,IR,,Knee,,,,1787423424538.0,6.0,Inactive,True
00-0038783,11433,4383440,AdkiNa00,Nate Adkins,DEN,TE,27.2,3,2023,,ACT,,,,,,,1786404331736.0,3.0,Active,True
00-0038794,11439,4722893,McLaJa00,Jaleel McLaughlin,CLE,RB,26.0,3,2023,,DEV,,,,,,,1788311723384.0,,Active,True
00-0038797,11435,4887558,WilsEm00,Emanuel Wilson,SEA,RB,27.3,3,2023,,ACT,,,,,,,1788903022055.0,3.0,Active,True
00-0038809,11082,4373030,SimsBe00,Ben Sims,MIA,TE,26.3,3,2023,,RES,IR,,Undisclosed,,,,1788306623889.0,6.0,Inactive,True
00-0038824,11421,4369466,MillRy01,Ryan Miller,MIA,WR,26.6,3,2023,,ACT,,,,,,,1787935828716.0,6.0,Active,True
00-0038839,11068,4690070,TinsMi00,Mitchell Tinsley,HOU,WR,27.0,3,2023,,DEV,,,,,,,1788269418949.0,,Active,True
00-0038840,11157,4360763,TremBr00,Brycen Tremayne,CAR,WR,26.8,3,2023,,ACT,,,,,,,1776728135079.0,6.0,Active,True
00-0038883,11232,4247942,WinsIs00,Isaiah Winstead,PIT,WR,27.1,3,2023,,CUT,,,,,,,1787958039817.0,,Active,True
00-0038891,11257,4361332,JackSh01,Shedrick Jackson,LV,WR,26.9,3,2023,,CUT,,,,,,,1770860102890.0,,Active,True
00-0038896,11237,4383429,SaylJa00,Jacob Saylors,DET,RB,26.5,3,2023,,ACT,,,,,,,1788922522169.0,2.0,Active,True
00-0038911,10860,4240069,CunnMa00,Malik Cunningham,DET,WR,27.9,3,2023,,CUT,,,,,,,1767686710750.0,,Active,True
00-0038930,11186,4248425,WashCa00,Carlos Washington,MIA,RB,27.7,3,2023,,DEV,,,,,,,1788319225531.0,,Active,True
00-0038933,10236,4385690,KincDa00,Dalton Kincaid,BUF,TE,26.9,3,2023,25.0,ACT,,,,,,,1788983145509.0,1.0,Active,True
00-0038935,9480,4430539,StraBr00,Brenton Strange,JAX,TE,25.7,3,2023,61.0,ACT,,,,,,,1788814542281.0,1.0,Active,True
00-0038938,9497,4692590,HyatJa00,Jalin Hyatt,NYG,WR,25.0,3,2023,73.0,DEV,,,,,,,1788226213024.0,,Active,True
00-0038941,9490,4565908,ScotTy00,Tyler Scott,LA,WR,24.9,3,2023,133.0,CUT,,,,,,,1788121257461.0,,Active,True
00-0038951,9506,4430871,TuckSe00,Sean Tucker,TB,RB,24.9,3,2023,,ACT,Questionable,,Undisclosed,,,,1788993048126.0,3.0,Active,True
00-0038953,11474,4363551,DrumDy00,Dylan Drummond,ATL,WR,26.6,3,2023,,DEV,,,,,,,1788237916883.0,,Active,True
00-0038976,9494,4686472,MimsMa00,Marvin Mims Jr.,DEN,WR,24.5,3,2023,63.0,ACT,Questionable,,Foot,,,,1788971133989.0,4.0,Active,True
00-0038977,9502,4366031,DellNa00,Tank Dell,HOU,WR,26.9,3,2023,69.0,RES,IR,Surgery,Knee - ACL + MCL,,,,1788928822738.0,6.0,Inactive,True
00-0038979,10444,4369863,TillCe01,Cedric Tillman,NO,WR,26.4,3,2023,74.0,DEV,,,,,,,1788402935623.0,,Active,True
00-0038994,9756,4429205,AddiJo00,Jordan Addison,MIN,WR,24.6,3,2023,23.0,ACT,,,,,,,1788465306980.0,2.0,Active,True
00-0038996,9484,4572680,KrafTu00,Tucker Kraft,GB,TE,25.8,3,2023,78.0,ACT,,,,,,,1788994246524.0,1.0,Active,True
00-0038997,9500,4688813,DownJo00,Josh Downs,IND,WR,25.1,3,2023,79.0,ACT,,,,,,,1788989146702.0,2.0,Active,True
00-0038998,10215,4243322,HaenJa00,Jake Haener,NYG,QB,27.5,3,2023,127.0,DEV,,,,,,,1788235215827.0,,Active,True
00-0039021,10235,4426386,JohnRo07,Roschon Johnson,CHI,RB,25.6,3,2023,115.0,ACT,,,,,,,1788877549423.0,3.0,Active,True
00-0039023,11113,,,Joel Wilson,TEN,TE,26.2,3,2023,,DEV,,,,,,,1788482416633.0,,Active,True
00-0039032,9508,4428557,SpeaTy00,Tyjae Spears,TEN,RB,25.2,3,2023,81.0,ACT,,,,,,,1788791139490.0,2.0,Active,True
00-0039040,9226,4429160,AchaDe00,De'Von Achane,MIA,RB,24.9,3,2023,84.0,ACT,,,,,,,1788804041034.0,1.0,Active,True
00-0039041,10231,4426844,HiggEl00,Elijah Higgins,ARI,TE,25.9,3,2023,197.0,ACT,,,,,,,1787976942822.0,2.0,Active,True
00-0039050,10227,4372505,DurhPa00,Payne Durham,TB,TE,26.2,3,2023,171.0,ACT,,,,,,,1780442450327.0,2.0,Active,True
00-0039052,9492,4426407,PalmTr00,Trey Palmer,NO,WR,25.4,3,2023,191.0,DEV,,,,,,,1788400836593.0,,Active,True
00-0039062,10225,4426485,MingJo00,Jonathan Mingo,DAL,WR,25.4,3,2023,39.0,ACT,,,,,,,1785362413055.0,5.0,Active,True
00-0039064,9997,4429615,FlowZa00,Zay Flowers,BAL,WR,26.0,3,2023,22.0,ACT,Questionable,,Undisclosed,,,,1788991248013.0,1.0,Active,True
00-0039065,10859,4430027,LaPoSa01,Sam LaPorta,DET,TE,25.7,3,2023,34.0,ACT,,,,,,,1788985247984.0,1.0,Active,True
00-0039066,9482,4429086,MayeMi00,Michael Mayer,LV,TE,25.2,3,2023,35.0,ACT,,,,,,,1788985545679.0,2.0,Active,True
00-0039067,10229,4428331,RiceRa01,Rashee Rice,KC,WR,26.4,3,2023,55.0,ACT,,,,,,,1788574524467.0,1.0,Active,True
00-0039074,10214,4426553,AlleDa02,Davis Allen,LA,TE,25.6,3,2023,175.0,ACT,,,,,,,1788914422194.0,4.0,Active,True
00-0039075,9493,4426515,NacuPu00,Puka Nacua,LA,WR,25.3,3,2023,177.0,ACT,,,,,,,1788914721542.0,1.0,Active,True
00-0039107,10857,4259553,BennSt00,Stetson Bennett,LA,QB,28.9,3,2023,128.0,ACT,,,,,,,1787898657558.0,2.0,Active,True
00-0039139,9221,4429795,GibbJa01,Jahmyr Gibbs,DET,RB,24.5,3,2023,12.0,ACT,,,,,,,1788579313547.0,1.0,Active,True
00-0039144,9481,4428085,MusgLu00,Luke Musgrave,GB,TE,26.0,3,2023,42.0,RES,PUP,,Undisclosed,,,,1788297321695.0,4.0,Active,True
00-0039146,10222,4362249,ReedJa03,Jayden Reed,GB,WR,26.4,3,2023,50.0,ACT,,,,,,,1788494716945.0,2.0,Active,True
00-0039150,9228,4685720,YounBr01,Bryce Young,CAR,QB,25.1,3,2023,1.0,ACT,,,,,,,1788486916319.0,1.0,Active,True
00-0039152,9999,4361418,LeviWi00,Will Levis,TEN,QB,27.2,3,2023,33.0,CUT,,,,,,,1788474908137.0,,Active,True
00-0039163,9758,4432577,StroCJ00,C.J. Stroud,HOU,QB,24.9,3,2023,2.0,ACT,,,,,,,1788930922981.0,1.0,Active,True
00-0039164,9229,4429084,RichAn03,Anthony Richardson,IND,QB,24.3,3,2023,4.0,ACT,,,,,,,1788451805665.0,2.0,Active,True
00-0039165,9753,4426385,CharZa00,Zach Charbonnet,SEA,RB,25.7,3,2023,52.0,RES,PUP,Surgery,Knee - ACL,,,,1788821443059.0,4.0,Active,True
00-0039236,11636,4686104,WilsJo03,Johnny Wilson,PHI,WR,25.4,2,2024,185.0,RES,IR,,Knee,,,,1787436026537.0,9.0,Inactive,True
00-0039244,11963,4698191,CollCh01,Chris Collier,LV,RB,26.5,2,2024,,RES,IR,,Undisclosed,,,,1785714958620.0,7.0,Inactive,True
00-0039259,11964,4428763,WadeDa00,Dayton Wade,BAL,WR,26.0,2,2024,,CUT,,,,,,,1788212414806.0,,Active,True
00-0039263,12070,4372741,CastMc00,McCallan Castles,GB,TE,26.8,2,2024,,RES,Questionable,,Undisclosed,,,,1788217815166.0,,Active,True
00-0039266,11649,4429012,MiltKe01,Kendall Milton,CIN,RB,24.6,2,2024,,DEV,,,,,,,1788309624516.0,,Active,True
00-0039275,12154,,,Messiah Swinson,CLE,TE,26.4,2,2024,,DEV,,,,,,,1788363931970.0,,Active,True
00-0039299,12048,4429835,HolaGe00,George Holani,SEA,RB,26.7,2,2024,,ACT,,,,,,,1788874248965.0,2.0,Active,True
00-0039305,12045,4361100,WestJa01,Jack Westover,WAS,TE,27.3,2,2024,,DEV,,,,,,,1788483316581.0,,Active,True
00-0039325,11582,4714365,SteeCa00,Carson Steele,PHI,RB,23.9,2,2024,,DEV,,,,,,,1788405935915.0,,Active,True
00-0039329,12151,,,Julian Hicks,SEA,WR,26.9,2,2024,,DEV,,,,,,,1788409538331.0,,Active,True
00-0039337,11632,4595348,NabeMa00,Malik Nabers,NYG,WR,23.1,2,2024,6.0,ACT,Questionable,Surgery,Knee - ACL,,,,1788984345767.0,1.0,Active,True
00-0039338,11604,4432665,BoweBr01,Brock Bowers,LV,TE,23.7,2,2024,13.0,ACT,Doubtful,Surgery,Knee - Meniscus,,,,1788984945628.0,1.0,Active,True
00-0039342,11626,4430034,LegeXa00,Xavier Legette,CAR,WR,25.6,2,2024,32.0,ACT,,,,,,,1788983446003.0,3.0,Active,True
00-0039344,11583,4678008,BrooJo02,Jonathon Brooks,CAR,RB,23.1,2,2024,46.0,ACT,Questionable,,Undisclosed,,,,1788987046492.0,2.0,Active,True
00-0039355,11650,4426948,McCaLu00,Luke McCaffrey,WAS,WR,25.4,2,2024,100.0,ACT,,,,,,,1787983243545.0,7.0,Active,True
00-0039356,11600,4431588,SandJa01,Ja'Tavion Sanders,CAR,TE,23.5,2,2024,101.0,ACT,,,,,,,1788745834631.0,3.0,Active,True
00-0039359,11599,4426496,StovCa00,Cade Stover,HOU,TE,26.2,2,2024,123.0,ACT,,,,,,,1780438850031.0,3.0,Active,True
00-0039361,11584,4596448,IrviBu00,Bucky Irving,TB,RB,24.1,2,2024,125.0,ACT,,,,,,,1788532220774.0,1.0,Active,True
00-0039363,11651,4372561,GuerIs00,Isaac Guerendo,SF,RB,26.2,2,2024,129.0,RES,PUP,Surgery,Pectoral,,,,1788133858130.0,6.0,Active,True
00-0039364,11729,4912274,VakiSi00,Sione Vaki,DET,RB,25.1,2,2024,132.0,ACT,,,,,,,1788897651636.0,3.0,Active,True
00-0039365,11616,4575665,CowiJa00,Jacob Cowing,SF,WR,25.6,2,2024,135.0,ACT,,,,,,,1788913822092.0,5.0,Active,True
00-0039373,11579,4569682,EstiAu00,Audric Estimé,NO,RB,23.0,2,2024,147.0,ACT,Questionable,,Thigh,,,,1788990347744.0,3.0,Active,True
00-0039376,11562,4426339,RattSp00,Spencer Rattler,NO,QB,25.9,2,2024,150.0,ACT,,,,,,,1788060351089.0,3.0,Active,True
00-0039379,11633,4428678,ThraJa01,Jamari Thrash,CLE,WR,25.7,2,2024,156.0,RES,IR,,Undisclosed,,,,1786228233190.0,7.0,Inactive,True
00-0039384,11655,4360516,TracTy00,Tyrone Tracy Jr.,NYG,RB,26.8,2,2024,166.0,ACT,,,,,,,1788987046493.0,3.0,Active,True
00-0039386,11748,4427985,MeanBu00,Bub Means,NO,WR,25.7,2,2024,170.0,CUT,,,,,,,1788910821901.0,,Active,True
00-0039391,11647,4430968,VidaKi00,Kimani Vidal,LAC,RB,25.0,2,2024,181.0,ACT,,,,,,,1788749135008.0,3.0,Active,True
00-0039392,11808,4427575,JackJh00,Jha'Quan Jackson,TB,WR,26.3,2,2024,182.0,CUT,,,,,,,1788044450618.0,,Active,True
00-0039394,11806,4428796,WashCa01,Casey Washington,CAR,WR,25.5,2,2024,187.0,DEV,,,,,,,1788309624501.0,,Active,True
00-0039397,11802,4875912,PalmTe00,Tejhaun Palmer,NE,WR,26.3,2,2024,191.0,CUT,,,,,,,1785916829232.0,,Active,True
00-0039398,11557,4360698,MiltJo00,Joe Milton III,DAL,QB,26.5,2,2024,193.0,DEV,,,,,,,1788408638215.0,,Active,True
00-0039405,11588,4429939,JordJa00,Jawhar Jordan,HOU,RB,27.1,2,2024,205.0,DEV,,,,,,,1788272118990.0,,Active,True
00-0039407,11574,4366963,LaubDy00,Dylan Laube,LV,RB,26.7,2,2024,208.0,ACT,,,,,,,1788620117797.0,4.0,Active,True
00-0039410,11783,5083754,FlouRy00,Ryan Flournoy,DAL,WR,26.9,2,2024,216.0,ACT,,,,,,,1788831644076.0,3.0,Active,True
00-0039420,11605,4429262,BellJa00,Jaheim Bell,PIT,TE,25.2,2,2024,231.0,CUT,,,,,,,1787957139828.0,,Active,True
00-0039424,11834,4569559,VeleDe00,Devaughn Vele,NO,WR,28.7,2,2024,235.0,ACT,,,,,,,1788984645640.0,2.0,Active,True
00-0039437,11815,4426479,JohnCo02,Cornelius Johnson,BAL,WR,25.8,2,2024,253.0,CUT,,,,,,,1767668109198.0,,Active,True
00-0039451,11608,4569371,WillIs03,Isaiah Williams,NYJ,WR,25.6,2,2024,,ACT,,,,,,,1786895112830.0,4.0,Active,True
00-0039464,11931,4368343,ReedAu00,Austin Reed,BAL,QB,26.5,2,2024,,CUT,,,,,,,1788035449058.0,,Active,True
00-0039466,12036,4579554,WheeIa00,Ian Wheeler,BUF,RB,25.0,2,2024,,CUT,,,,,,,1781818522733.0,,Active,True
00-0039471,11573,4429805,GoreFr01,Frank Gore Jr.,BUF,RB,24.5,2,2024,,DEV,,,,,,,1788305123986.0,,Active,True
00-0039473,11969,4385430,JohnXa00,Xavier Johnson,CIN,WR,27.3,2,2024,,CUT,,,,,,,1767658508611.0,,Active,True
00-0039489,12389,4428396,RuccHa00,Hayden Rucci,JAX,TE,25.6,2,2024,,DEV,,,,,,,1788363331569.0,,Active,True
00-0039491,11646,4695883,CokeJa01,Jalen Coker,CAR,WR,24.9,2,2024,,ACT,,,,,,,1788791439625.0,2.0,Active,True
00-0039518,12079,,,Treyton Welch,NO,TE,25.7,2,2024,,DEV,,,,,,,1788393334759.0,,Active,True
00-0039521,11921,4428811,WeavXa00,Xavier Weaver,ARI,WR,25.9,2,2024,,CUT,Questionable,,Hamstring,,,,1788305423771.0,,Inactive,True
00-0039530,11593,4360967,SpanBr00,Brevyn Spann-Ford,DAL,TE,26.7,2,2024,,ACT,,,,,,,1784767205726.0,3.0,Active,True
00-0039534,11851,4362260,BradCa02,Carter Bradley,JAX,QB,26.5,2,2024,,RES,Questionable,,Thumb,,,,1788991246665.0,,Inactive,True
00-0039550,12217,,,Shawn Bowman,ARI,TE,26.3,2,2024,,DEV,,,,,,,1788238517358.0,,Active,True
00-0039577,11648,4428512,SlovKe00,Kedon Slovis,GB,QB,25.4,2,2024,,DEV,,,,,,,1788364531548.0,,Active,True
00-0039589,11994,5097554,JohnKa01,Kameron Johnson,TB,WR,24.5,2,2024,,ACT,,,,,,,1782249623954.0,6.0,Active,True
00-0039603,12171,4373273,BrooBr01,British Brooks,HOU,RB,26.8,2,2024,,ACT,Questionable,,Hand,,,,1787616042171.0,3.0,Active,True
00-0039623,11895,4573697,TiptMa00,Mason Tipton,NO,WR,25.9,2,2024,,RES,PUP,,Groin,,,,1788201914889.0,9.0,Active,True
00-0039626,12210,5192448,BurgCo00,Cole Burgess,PIT,WR,26.6,2,2024,,RES,IR,,Undisclosed,,,,1785977142507.0,9.0,Inactive,True
00-0039631,12062,4700712,GranCa00,Cam Grandy,MIN,TE,26.8,2,2024,,DEV,,,,,,,1788333927894.0,,Active,True
00-0039648,12357,4360978,MartDa01,David Martin-Robinson,TEN,TE,26.7,2,2024,,ACT,,,,,,,1768025102697.0,5.0,Active,True
00-0039650,11959,4362617,OlivBr02,Bryce Oliver,CLE,WR,26.3,2,2024,,DEV,,,,,,,1788911122027.0,,Active,True
00-0039652,12356,4432545,SmalJa00,Jabari Small,DET,RB,24.6,2,2024,,CUT,,,,,,,1788853848514.0,,Active,True
00-0039677,11376,4361994,HartSa00,Sam Hartman,WAS,QB,27.1,2,2024,,DEV,,,,,,,,,,
00-0039679,,,,Ben Nikkel,IND,WR,25.3,2,2024,,CUT,,,,,,,,,,
00-0039686,11942,4361088,YankCo00,Colson Yankoff,WAS,TE,26.5,2,2024,,ACT,,,,,,,1781220047876.0,4.0,Active,True
00-0039702,12068,4911517,PlinMa00,Mason Pline,KC,TE,26.6,2,2024,,CUT,,,,,,,1788128158831.0,,Active,True
00-0039703,11644,4391845,SchrCo00,Cody Schrader,DEN,RB,27.0,2,2024,,DEV,,,,,,,1788310224492.0,,Active,True
00-0039710,11911,4360637,JoneJe01,Jeshaun Jones,MIN,WR,26.7,2,2024,,RES,Sus,,Suspension,,,,1787935528630.0,5.0,Active,True
00-0039722,,,,JaQuae Jackson,LAC,WR,26.6,2,2024,,CUT,,,,,,,,,,
00-0039732,11563,4426338,NixxBo00,Bo Nix,DEN,QB,26.5,2,2024,12.0,ACT,,,,,,,1788486316132.0,1.0,Active,True
00-0039737,11716,4696700,ReimTi00,Tip Reiman,ARI,TE,25.0,2,2024,82.0,RES,PUP,,Ankle,,,,1788301823743.0,5.0,Active,True
00-0039738,11586,4429096,CoruBl00,Blake Corum,LA,RB,25.8,2,2024,83.0,ACT,,,,,,,1788372931363.0,2.0,Active,True
00-0039739,11630,4431492,WilsRo02,Roman Wilson,PIT,WR,25.2,2,2024,84.0,ACT,,,,,,,1788388233663.0,4.0,Active,True
00-0039746,11577,4431545,ShipWi00,Will Shipley,PHI,RB,24.0,2,2024,127.0,ACT,,,,,,,1788636023946.0,3.0,Active,True
00-0039751,11623,4569382,WhitJo04,Jordan Whittington,LA,WR,25.9,2,2024,213.0,ACT,,,,,,,1787339727345.0,6.0,Active,True
00-0039754,11820,4361112,CulpDe00,Devin Culp,TB,TE,26.6,2,2024,246.0,CUT,,,,,,,1788409838361.0,,Active,True
00-0039792,11629,4696882,WalkDe01,Devontez Walker,BAL,WR,25.2,2,2024,113.0,ACT,Questionable,,Undisclosed,,,,1788991846846.0,4.0,Active,True
00-0039793,11603,4576297,BarnAJ00,AJ Barner,SEA,TE,24.4,2,2024,121.0,ACT,,,,,,,1788965426417.0,1.0,Active,True
00-0039794,11576,4685247,AlleBr05,Braelon Allen,NYJ,RB,22.6,2,2024,134.0,ACT,,,,,,,1788813342066.0,2.0,Active,True
00-0039796,11570,4690013,AlixRa00,Rasheen Ali,BAL,RB,25.6,2,2024,165.0,ACT,,,,,,,1787985343951.0,3.0,Active,True
00-0039798,11571,4695404,DaviIs00,Isaiah Davis,NYJ,RB,24.5,2,2024,173.0,ACT,,,,,,,1788990046650.0,3.0,Active,True
00-0039811,11581,4429023,LloyMa00,MarShawn Lloyd,GB,RB,25.7,2,2024,88.0,ACT,,,,,,,1788964526354.0,1.0,Active,True
00-0039814,11592,4427834,AllxEr00,Erick All,CIN,TE,26.0,2,2024,115.0,ACT,,,,,,,1785445823666.0,2.0,Active,True
00-0039816,11762,4429684,GoulAn00,Anthony Gould,IND,WR,25.4,2,2024,142.0,DEV,,,,,,,1788313524684.0,,Active,True
00-0039824,11595,4430723,WileJa00,Jared Wiley,KC,TE,25.9,2,2024,131.0,ACT,,,,,,,1781220047811.0,3.0,Active,True
00-0039843,12267,,,Qadir Ismail,CHI,TE,26.6,2,2024,,DEV,,,,,,,1788394535073.0,,Active,True
00-0039847,11597,4429148,JohnTh00,Theo Johnson,NYG,TE,25.5,2,2024,107.0,ACT,,,,,,,1788987646352.0,2.0,Active,True
00-0039849,11628,4432708,HarrMa09,Marvin Harrison Jr.,ARI,WR,24.1,2,2024,4.0,ACT,,,,,,,1788713131313.0,1.0,Active,True
00-0039851,11564,4431452,MayeDr00,Drake Maye,NE,QB,24.0,2,2024,3.0,ACT,,,,,,,1788931222935.0,1.0,Active,True
00-0039855,11618,4430834,McMiJa01,Jalen McMillan,TB,WR,24.8,2,2024,92.0,ACT,Questionable,,Calf,,,,1788993048148.0,3.0,Active,True
00-0039868,11627,4431280,FranTr00,Troy Franklin,DEN,WR,23.6,2,2024,102.0,ACT,,,,,,,1788469507396.0,5.0,Active,True
00-0039874,11643,4682745,WrigJa04,Jaylen Wright,MIA,RB,23.4,2,2024,120.0,ACT,,,,,,,1788641124342.0,2.0,Active,True
00-0039875,11575,4429501,DaviRa04,Ray Davis,BUF,RB,26.8,2,2024,128.0,ACT,,,,,,,1788836744570.0,3.0,Active,True
00-0039880,11610,4569603,WashMa00,Malik Washington,MIA,WR,25.9,2,2024,184.0,ACT,,,,,,,1788983445756.0,1.0,Active,True
00-0039884,11821,4567506,WashTa00,Tahj Washington,PHI,WR,25.3,2,2024,241.0,CUT,,,,,,,1787873454908.0,,Active,True
00-0039890,11625,4597500,MitcAd00,Adonai Mitchell,NYJ,WR,23.9,2,2024,52.0,ACT,,,,,,,1788987945850.0,2.0,Active,True
00-0039893,11631,4432773,ThomBr06,Brian Thomas Jr.,JAX,WR,23.9,2,2024,23.0,ACT,,,,,,,1788987347490.0,2.0,Active,True
00-0039894,11624,4683062,WortXa00,Xavier Worthy,KC,WR,23.4,2,2024,28.0,ACT,,,,,,,1788790239471.0,2.0,Active,True
00-0039901,11637,4635008,ColeKe02,Keon Coleman,BUF,WR,23.3,2,2024,33.0,ACT,,,,,,,1788990947851.0,3.0,Active,True
00-0039907,11619,4430637,PolkJa00,Ja'Lynn Polk,NO,WR,24.4,2,2024,37.0,RET,NA,,Undisclosed,,,,1785722759191.0,,Active,True
00-0039910,11566,4426348,DaniJa02,Jayden Daniels,WAS,QB,25.7,2,2024,2.0,ACT,,,,,,,1788542722026.0,1.0,Active,True
00-0039912,11596,4690923,SinnBe00,Ben Sinnott,WAS,TE,24.2,2,2024,53.0,ACT,,,,,,,1788991247959.0,3.0,Active,True
00-0039915,11635,4612826,McCoLa00,Ladd McConkey,LAC,WR,24.8,2,2024,34.0,ACT,,,,,,,1788465907043.0,1.0,Active,True
00-0039916,11638,4428209,PearRi00,Ricky Pearsall,SF,WR,26.0,2,2024,31.0,RES,IR,,Knee - PCL,,,,1786640437842.0,10.0,Inactive,True
00-0039917,11559,4360423,PeniMi00,Michael Penix Jr.,ATL,QB,26.3,2,2024,8.0,ACT,Out,Surgery,Knee - ACL,,,,1788985248062.0,3.0,Active,True
00-0039918,11560,4431611,WillCa03,Caleb Williams,CHI,QB,24.8,2,2024,1.0,ACT,,,,,,,1788480915807.0,1.0,Active,True
00-0039919,11620,4431299,OdunRo00,Rome Odunze,CHI,WR,24.3,2,2024,9.0,ACT,Questionable,,Leg,,,,1788986146444.0,1.0,Active,True
00-0039920,11617,4613104,CorlMa00,Malachi Corley,CLE,WR,24.5,2,2024,65.0,ACT,,,,,,,1781310034068.0,5.0,Active,True
00-0039921,11589,4429275,BensTr01,Trey Benson,ARI,RB,24.1,2,2024,66.0,RES,IR,,Knee,,,,1787706941742.0,6.0,Inactive,True
00-0039923,11565,4433970,McCaJJ00,J.J. McCarthy,MIN,QB,23.6,2,2024,10.0,ACT,,,,,,,1788980436381.0,3.0,Active,True
00-0039936,12113,,,Thomas Yassmin,GB,TE,26.9,2,2024,,RES,IR,,Undisclosed,,,,1788218115003.0,6.0,Inactive,True
00-0040009,12482,4431487,WillSa01,Savion Williams,GB,WR,24.8,1,2025,87.0,RES,IR,,Undisclosed,,,,1788291922823.0,7.0,Inactive,True
00-0040014,12494,4433971,McCoKy00,Kyle McCord,MIA,QB,24.0,1,2025,181.0,ACT,,,,,,,1788297321661.0,3.0,Active,True
00-0040021,12738,4431562,MafaPh00,Phil Mafah,DAL,RB,23.9,1,2025,239.0,CUT,,,,,,,1788915321530.0,,Active,True
00-0040024,13150,4715355,CoopDa01,Darius Cooper,PHI,WR,24.8,1,2025,,ACT,,,,,,,1788723332404.0,5.0,Active,True
00-0040039,12928,4878878,JohnAm00,Amar Johnson,LAC,RB,23.6,1,2025,,DEV,,,,,,,1752949810943.0,,Active,True
00-0040046,,,,Rivaldo Fairweather,ARI,TE,24.1,1,2025,,CUT,,,,,,,,,,
00-0040049,12848,,,Josh Kelly,HOU,WR,25.2,1,2025,,DEV,,,,,,,1788271819216.0,,Active,True
00-0040058,13151,4569547,KallNi00,Nick Kallerup,SEA,TE,25.5,1,2025,,ACT,Out,,Coach's Decision,,,,1767197424526.0,4.0,Active,True
00-0040060,13032,,,Marshall Lang,MIN,TE,24.9,1,2025,,CUT,,,,,,,1788334227816.0,,Active,True
00-0040067,13047,4428943,WrigJa05,Jacardia Wright,SEA,RB,26.0,1,2025,,DEV,,,,,,,1788408638588.0,,Active,True
00-0040075,12699,4690143,WestLa01,LaJohntay Wester,BAL,WR,24.4,1,2025,203.0,ACT,,,,,,,1782249624074.0,6.0,Active,True
00-0040078,12455,4596602,SmitBr09,Brashard Smith,KC,RB,23.4,1,2025,228.0,ACT,,,,,,,1788702030396.0,3.0,Active,True
00-0040081,12817,4431196,BrinJa00,Jake Briningstool,KC,TE,23.8,1,2025,,ACT,,,,,,,1785443423180.0,5.0,Active,True
00-0040094,13116,,,Tre Watson,MIA,TE,23.9,1,2025,,DEV,,,,,,,1788333627762.0,,Active,True
00-0040099,13042,,,Xavier Guillory,BAL,WR,25.2,1,2025,,DEV,,,,,,,1788304823012.0,,Active,True
00-0040120,13173,,,Jimmy Holiday,KC,WR,24.7,1,2025,,RES,IR,,Undisclosed,,,,1788198314766.0,,Inactive,True
00-0040122,12527,4890973,JeanAs00,Ashton Jeanty,LV,RB,22.8,1,2025,6.0,ACT,,,,,,,1788994548293.0,1.0,Active,True
00-0040124,12526,4685472,McMiTe00,Tetairoa McMillan,CAR,WR,23.4,1,2025,8.0,ACT,,,,,,,1788623417640.0,1.0,Active,True
00-0040126,12517,4723086,LoveCo00,Colston Loveland,CHI,TE,22.4,1,2025,10.0,ACT,,,,,,,1788576924712.0,1.0,Active,True
00-0040128,12518,4431459,WarrTy00,Tyler Warren,IND,TE,24.3,1,2025,14.0,ACT,,,,,,,1788986746488.0,1.0,Active,True
00-0040129,12514,4567750,EgbuEm01,Emeka Egbuka,TB,WR,23.9,1,2025,19.0,ACT,,,,,,,1788993048136.0,1.0,Active,True
00-0040130,12484,4877706,HiggJa00,Jayden Higgins,HOU,WR,23.7,1,2025,34.0,RES,IR,Surgery,Knee - ACL,,,,1787339422095.0,9.0,Inactive,True
00-0040131,12547,4613202,WillKy03,Kyle Williams,NE,WR,23.8,1,2025,69.0,ACT,,,,,,,1788935423330.0,5.0,Active,True
00-0040134,12492,4600981,BryaPa00,Pat Bryant,DEN,WR,23.7,1,2025,74.0,ACT,,,,,,,1788795040102.0,3.0,Active,True
00-0040138,12536,4586312,NoelJa00,Jaylin Noel,HOU,WR,24.0,1,2025,79.0,ACT,,,,,,,1788991846859.0,3.0,Active,True
00-0040142,12504,4819231,JohnKa03,Kaleb Johnson,GB,RB,23.1,1,2025,83.0,ACT,,,,,,,1788977134443.0,3.0,Active,True
00-0040154,12496,4565185,FeltTa00,Tai Felton,MIN,WR,23.5,1,2025,102.0,ACT,,,,,,,1787457027781.0,4.0,Active,True
00-0040162,12469,5081397,SampDy00,Dylan Sampson,CLE,RB,22.0,1,2025,126.0,ACT,,,,,,,1788830143882.0,2.0,Active,True
00-0040164,12641,4602667,LaneJa00,Jaylin Lane,WAS,WR,24.4,1,2025,128.0,ACT,,,,,,,1779910829192.0,5.0,Active,True
00-0040170,12499,4883647,AyomEl00,Elic Ayomanor,TEN,WR,23.3,1,2025,136.0,ACT,,,,,,,1787111751420.0,5.0,Active,True
00-0040172,12634,4431466,WatkJo00,Jordan Watkins,SF,WR,24.6,1,2025,138.0,ACT,,,,,,,1787955039628.0,6.0,Active,True
00-0040177,12467,4685397,JameJo01,Jordan James,SF,RB,22.4,1,2025,147.0,ACT,,,,,,,1788407436022.0,3.0,Active,True
00-0040179,12471,4874509,GiddDJ00,DJ Giddens,IND,RB,23.0,1,2025,151.0,ACT,,,,,,,1788053150374.0,3.0,Active,True
00-0040184,12670,4430870,LambKe01,KeAndre Lambert-Smith,LAC,WR,24.9,1,2025,158.0,ACT,,,,,,,1787961340373.0,5.0,Active,True
00-0040187,12473,4683243,EvanMi01,Mitchell Evans,CAR,TE,23.3,1,2025,163.0,ACT,,,,,,,1785796811515.0,4.0,Active,True
00-0040189,12493,4595342,GadsOr01,Oronde Gadsden II,LAC,TE,23.2,1,2025,165.0,ACT,,,,,,,1788718831807.0,1.0,Active,True
00-0040194,12658,4573699,HaweJa00,Jackson Hawes,BUF,TE,25.8,1,2025,173.0,ACT,,,,,,,1787273154595.0,3.0,Active,True
00-0040198,12495,4711533,GordOl00,Ollie Gordon II,MIA,RB,22.7,1,2025,179.0,ACT,Questionable,,Undisclosed,,,,1788831944083.0,3.0,Active,True
00-0040202,12476,4682652,NealDe00,Devin Neal,NO,RB,23.1,1,2025,184.0,RES,Questionable,,Hamstring,,,,1788478815935.0,,Inactive,True
00-0040203,12511,4429955,HowaWi01,Will Howard,PIT,QB,25.0,1,2025,185.0,ACT,,,,,,,1788479116095.0,3.0,Active,True
00-0040205,12516,4429121,MullKa00,Kalel Mullings,TEN,RB,23.9,1,2025,188.0,DEV,,,,,,,1788482716450.0,,Active,True
00-0040206,12470,4683423,LeonRi02,Riley Leonard,IND,QB,24.0,1,2025,189.0,ACT,,,,,,,1788041450096.0,3.0,Active,True
00-0040208,12543,4429299,BrooTa00,Tahj Brooks,CIN,RB,24.3,1,2025,193.0,ACT,,,,,,,1787975142456.0,3.0,Active,True
00-0040211,12705,4426335,MertGr00,Graham Mertz,HOU,QB,25.8,1,2025,197.0,RES,IR,Surgery,Knee - ACL,,,,1786860910169.0,3.0,Inactive,True
00-0040215,12700,4708049,BartGa00,Gavin Bartholomew,MIN,TE,23.4,1,2025,202.0,ACT,,,,,,,1786920317421.0,4.0,Active,True
00-0040218,12523,4708486,HornJi00,Jimmy Horn Jr.,CAR,WR,24.0,1,2025,208.0,ACT,,,,,,,1787987443594.0,5.0,Active,True
00-0040222,12688,4693331,MillCa00,Cam Miller,MIA,QB,25.2,1,2025,215.0,CUT,,,,,,,1788111957828.0,,Active,True
00-0040225,12715,4590292,FidoTh00,Thomas Fidone II,NYG,TE,24.0,1,2025,219.0,ACT,,,,,,,1785289204488.0,4.0,Active,True
00-0040234,12500,4889929,EwerQu00,Quinn Ewers,JAX,QB,23.5,1,2025,231.0,ACT,,,,,,,1788050150165.0,3.0,Active,True
00-0040236,12534,4608686,MonaKy00,Kyle Monangai,CHI,RB,24.3,1,2025,233.0,ACT,,,,,,,1788989747875.0,2.0,Active,True
00-0040237,12485,4608810,JohnTe03,Tez Johnson,TB,WR,24.3,1,2025,235.0,ACT,,,,,,,1788549922224.0,5.0,Active,True
00-0040238,12544,4911851,AlleLe01,LeQuint Allen Jr.,JAX,RB,22.1,1,2025,236.0,ACT,Questionable,,Undisclosed,,,,1788972334672.0,3.0,Active,True
00-0040239,12721,4431509,PratKa00,Kaden Prather,GB,WR,,1,2025,240.0,CUT,,,,,,,1788114356867.0,,Active,True
00-0040240,12735,4432208,LohnCa00,Caleb Lohner,DEN,TE,24.9,1,2025,241.0,RES,IR,Surgery,Lower Body,,,,1788195313569.0,5.0,Inactive,True
00-0040241,12732,4596439,LoveDo00,Dominic Lovett,DET,WR,23.8,1,2025,244.0,DEV,,,,,,,1788311424792.0,,Active,True
00-0040242,12533,4575131,CrosJa00,Jacory Croskey-Merritt,WAS,RB,25.4,1,2025,245.0,ACT,Questionable,,Undisclosed,,,,1788991247974.0,1.0,Active,True
00-0040244,12480,4432731,MataMo00,Moliki Matavao,NO,TE,23.5,1,2025,248.0,RES,IR,,Knee,,,,1787697941804.0,6.0,Inactive,True
00-0040247,12743,4887918,BergJu00,Junior Bergen,NYJ,WR,23.9,1,2025,252.0,CUT,,,,,,,1787177716287.0,,Active,True
00-0040259,13101,4877203,LarvGa00,Gage Larvadain,CLE,WR,23.7,1,2025,,CUT,,,,,,,1788126657958.0,,Active,True
00-0040260,12797,4432374,MarsAh00,Ahmani Marshall,CAR,RB,24.5,1,2025,,DEV,,,,,,,1788851147803.0,,Active,True
00-0040265,13179,4876995,ReedJa05,Ja'Seem Reed,CAR,WR,23.5,1,2025,,DEV,,,,,,,1788391533981.0,,Active,True
00-0040275,12746,4685183,RichJP00,JP Richardson,CHI,WR,24.5,1,2025,,DEV,,,,,,,1788310524614.0,,Active,True
00-0040277,13079,5160110,WalkJa03,Jahdae Walker,CHI,WR,24.2,1,2025,,ACT,,,,,,,1788055251706.0,5.0,Active,True
00-0040298,12863,5093923,ArmsAn01,Andrew Armstrong,KC,WR,25.9,1,2025,,DEV,,,,,,,1788314124994.0,,Active,True
00-0040302,,,,A.J. Henning,MIA,WR,25.0,1,2025,,CUT,,,,,,,,,,
00-0040311,12860,4426535,WeasTh00,Theo Wease Jr.,LAC,WR,25.2,1,2025,,DEV,,,,,,,1788449707096.0,,Active,True
00-0040317,13120,5083297,JoneJa16,Jacoby Jones,WAS,WR,25.1,1,2025,,RES,IR,,Undisclosed,,,,1788231617282.0,9.0,Inactive,True
00-0040323,,,,Chandler Brayboy,JAX,WR,25.1,1,2025,,CUT,,,,,,,,,,
00-0040324,,,,Cam Camper,NYJ,WR,,1,2025,,CUT,,,,,,,,,,
00-0040331,12901,,,Patrick Herbert,LAC,TE,25.9,1,2025,,DEV,,,,,,,1788317725486.0,,Active,True
00-0040332,12479,4690972,JackJa05,Ja'Quinden Jackson,PHI,RB,25.0,1,2025,,CUT,Questionable,,Undisclosed,,,,1788394235103.0,,Inactive,True
00-0040337,12909,4430288,PancEl00,Eli Pancol,IND,WR,26.2,1,2025,,CUT,,,,,,,1788114657023.0,,Active,True
00-0040352,12829,4578436,OwenCo00,Coleman Owen,IND,WR,25.5,1,2025,,RES,Questionable,,Concussion,,,,1788990946931.0,,Inactive,True
00-0040361,12756,,,Stephen Gosnell,BUF,WR,24.9,1,2025,,DEV,,,,,,,1788305423790.0,,Active,True
00-0040363,12765,4688552,LatuKe00,Keleki Latu,BUF,TE,24.1,1,2025,,ACT,,,,,,,1766871304018.0,4.0,Active,True
00-0040375,12761,4594444,,Jordan Moore,CIN,WR,24.4,1,2025,,DEV,,,,,,,,,Active,True
00-0040387,,,,Zach Horton,DET,TE,23.8,1,2025,,CUT,,,,,,,,,,
00-0040388,12935,5178972,KeenJa00,Jakobie Keeney-James,PIT,WR,26.0,1,2025,,CUT,,,,,,,1787957439823.0,,Active,True
00-0040390,12938,4602788,MeekJa00,Jackson Meeks,DET,TE,23.5,1,2025,,ACT,,,,,,,1787505631946.0,4.0,Active,True
00-0040392,,,,Caden Prieskorn,CAR,TE,27.0,1,2025,,CUT,,,,,,,,,,
00-0040394,12939,,,Anthony Tyus III,CAR,RB,23.5,1,2025,,DEV,,,,,,,1788310224506.0,,Active,True
00-0040398,12538,4429435,CookBr03,Brady Cook,MIA,QB,24.9,1,2025,,ACT,,,,,,,1788213314295.0,2.0,Active,True
00-0040400,12515,4431536,,Donovan Edwards,MIA,RB,23.5,1,2025,,CUT,,,,,,,1788022547704.0,,Active,True
00-0040405,12925,4892576,PritJa00,Jamaal Pritchett,NYJ,WR,23.2,1,2025,,DEV,,,,,,,1788403537731.0,,Active,True
00-0040406,,4613050,SkinQu00,Quentin Skinner,BUF,WR,24.7,1,2025,,CUT,,,,,,,,,,
00-0040415,,,,Connor Bazelak,TB,QB,26.0,1,2025,,CUT,,,,,,,,,,
00-0040419,12792,,,Garrett Greene,TB,WR,24.9,1,2025,,DEV,,,,,,,1788410438334.0,,Active,True
00-0040429,12787,4568024,WillJo011,Josh Williams,TB,RB,26.3,1,2025,,DEV,,,,,,,1788410138489.0,,Active,True
00-0040431,12888,4570296,CambDa00,Dalen Cambre,NYG,WR,25.4,1,2025,,DEV,,,,,,,1788400236578.0,,Active,True
00-0040432,12889,4431210,CollBe00,Beaux Collins,ATL,WR,23.7,1,2025,,RES,IR,,Undisclosed,,,,1788149108143.0,8.0,Inactive,True
00-0040438,12460,4696062,WellAn00,Antwane Wells Jr.,ATL,WR,25.4,1,2025,,DEV,,,,,,,1781730614267.0,,Active,True
00-0040445,12772,4565172,,Courtney Jackson,TEN,WR,25.5,1,2025,,CUT,,,,,,,1788121857466.0,,Active,True
00-0040457,,,,Jermaine Terry,CLE,TE,,1,2025,,CUT,,,,,,,,,,
00-0040464,12773,4429020,UiagDJ00,DJ Uiagalelei,LAC,QB,25.4,1,2025,,DEV,,,,,,,1788315925253.0,,Active,True
00-0040466,12472,4601080,SandRa00,Raheim Sanders,CLE,RB,24.3,1,2025,,ACT,,,,,,,1786913115288.0,3.0,Active,True
00-0040476,12826,4426689,BentUl00,Ulysses Bentley IV,IND,RB,25.7,1,2025,,CUT,,,,,,,1788312625388.0,,Active,True
00-0040488,13122,5155825,RunyCa00,Carter Runyon,LV,TE,25.1,1,2025,,RES,IR,,Undisclosed,,,,1788198914581.0,5.0,Active,True
00-0040494,12775,4573398,BrosMa00,Max Brosmer,MIN,QB,25.5,1,2025,,DEV,,,,,,,1788395135019.0,,Active,True
00-0040498,,,,Dontae Fleming,MIN,WR,24.8,1,2025,,RES,,,,,,,,,,
00-0040504,12941,,,Bryson Nesbit,MIN,TE,24.0,1,2025,,RES,Questionable,,Undisclosed,,,,1788230716065.0,,Inactive,True
00-0040506,13075,4430656,PricMy00,Myles Price,MIN,WR,24.7,1,2025,,ACT,,,,,,,1786824902758.0,6.0,Active,True
00-0040509,13121,4433959,YuroBe00,Ben Yurosek,MIN,TE,24.5,1,2025,,ACT,IR,,Undisclosed,,,,1788912022274.0,5.0,Inactive,True
00-0040522,12520,4431353,RestXa00,Xavier Restrepo,TEN,WR,24.4,1,2025,,DEV,,,,,,,1788481216400.0,,Active,True
00-0040526,12940,5093062,,Tre Stewart,ARI,RB,,1,2025,,CUT,,,,,,,1786824603321.0,,Active,True
00-0040528,,,,JJ Galbreath,IND,TE,25.1,1,2025,,CUT,,,,,,,,,,
00-0040531,12972,4431597,TaylRo02,Roc Taylor,CAR,WR,,1,2025,,CUT,,,,,,,1788031248594.0,,Active,True
00-0040534,12971,4570738,WillKe08,Ke'Shawn Williams,CIN,WR,24.7,1,2025,,ACT,,,,,,,1765923046526.0,6.0,Active,True
00-0040547,12897,4605841,,Nate Carter,KC,RB,24.3,1,2025,,DEV,,,,,,,1788313825009.0,,Active,True
00-0040551,12478,4570242,NashNi00,Nick Nash,WAS,WR,27.2,1,2025,,CUT,,,,,,,1788060652317.0,,Active,True
00-0040552,12883,4430482,SimoJo03,Joshua Simon,WAS,TE,25.8,1,2025,,DEV,,,,,,,1788853247925.0,,Active,True
00-0040553,12884,4572380,,Quincy Skinner Jr.,NYJ,WR,,1,2025,,CUT,,,,,,,1788122157522.0,,Active,True
00-0040556,12491,4431431,KineCo00,Corey Kiner,NE,RB,24.6,1,2025,,ACT,,,,,,,1788035150497.0,2.0,Active,True
00-0040558,13074,4428116,NeyoIs00,Isaiah Neyor,GB,WR,25.3,1,2025,,DEV,,,,,,,1788311724785.0,,Active,True
00-0040563,12542,4695193,ChisEf00,Efton Chism III,NE,WR,24.9,1,2025,,ACT,Out,,Coach's Decision,,,,1788995147051.0,6.0,Active,True
00-0040566,12984,4596545,DippCJ00,CJ Dippre,TB,TE,24.4,1,2025,,DEV,,,,,,,1788355529365.0,,Active,True
00-0040567,,,,Brock Lampe,SEA,RB,23.4,1,2025,,CUT,,,,,,,,,,
00-0040568,12969,4698253,LariLa00,Lan Larison,NE,RB,24.9,1,2025,,DEV,,,,,,,1788990046635.0,,Active,True
00-0040570,13124,,,Jeremiah Webb,NE,WR,25.3,1,2025,,RES,IR,,Arm,,,,1785104414293.0,7.0,Inactive,True
00-0040581,12541,4432775,ThorDo00,Dont'e Thornton Jr.,LV,WR,23.8,1,2025,108.0,RES,IR,,Undisclosed,,,,1788233715733.0,10.0,Inactive,True
00-0040582,12539,4429105,SmitAr01,Arian Smith,NYJ,WR,24.9,1,2025,110.0,ACT,,,,,,,1781310034279.0,6.0,Active,True
00-0040583,12474,4429059,MarkWo00,Woody Marks,HOU,RB,25.7,1,2025,116.0,ACT,,,,,,,1788811841793.0,2.0,Active,True
00-0040584,12502,4686728,HelmGu00,Gunnar Helm,TEN,TE,24.0,1,2025,120.0,ACT,,,,,,,1788639324363.0,1.0,Active,True
00-0040586,12457,4685279,BlueJa01,Jaydon Blue,PHI,RB,22.7,1,2025,149.0,DEV,,,,,,,1788221714085.0,,Active,True
00-0040589,12477,4430431,RourKu01,Kurtis Rourke,SF,QB,25.9,1,2025,227.0,ACT,,,,,,,1788913822092.0,3.0,Active,True
00-0040590,12718,4710855,MumpKo00,Konata Mumpfield,LA,WR,23.9,1,2025,242.0,ACT,,,,,,,1777573224836.0,3.0,Active,True
00-0040597,13011,4431342,PresBr00,Brennan Presley,LA,WR,24.6,1,2025,,DEV,,,,,,,1788318026081.0,,Active,True
00-0040598,13013,,,Mark Redman,GB,TE,24.6,1,2025,,ACT,,,,,,,1788122757554.0,7.0,Active,True
00-0040601,,,,Jordan Waters,LA,RB,25.7,1,2025,,DEV,,,,,,,,,,
00-0040609,,,,Tru Edwards,LA,WR,25.3,1,2025,,CUT,,,,,,,,,,
00-0040616,,,,Kisean Johnson,GB,WR,24.6,1,2025,,CUT,,,,,,,,,,
00-0040617,13189,4566157,FlorLu00,Luke Floriea,CLE,WR,24.9,1,2025,,CUT,,,,,,,1788122457685.0,,Active,True
00-0040618,,,,Max Hurleman,PIT,WR,24.9,1,2025,,DEV,,,,,,,,,,
00-0040621,13199,4600597,FostMo00,Montorie Foster Jr,SEA,WR,25.1,1,2025,,ACT,,,,,,,1788462907817.0,9.0,Active,True
00-0040628,13210,4429466,DabnDr00,Drake Dabney,GB,TE,24.3,1,2025,,DEV,,,,,,,1788311424790.0,,Active,True
00-0040629,13202,4569372,CampDa01,Dalevon Campbell,LAC,WR,24.8,1,2025,,RES,IR,,Leg,,,,1788229816652.0,8.0,Inactive,True
00-0040633,,,,Kyrese Rowan,DEN,WR,25.6,1,2025,,CUT,,,,,,,,,,
00-0040637,,,,Lucas Scott,BAL,RB,23.0,1,2025,,CUT,,,,,,,,,,
00-0040644,12531,4685350,EtieTr01,Trevor Etienne,CAR,RB,22.2,1,2025,114.0,RES,IR,,Ankle,,,,1788208215125.0,4.0,Inactive,True
00-0040646,12505,5082630,RoyaJa00,Jalen Royals,KC,WR,23.6,1,2025,133.0,ACT,,,,,,,1787496631257.0,5.0,Active,True
00-0040648,12497,4597703,HortTo00,Tory Horton,SEA,WR,23.8,1,2025,166.0,ACT,Out,,Hamstring,,,,1788995447289.0,4.0,Active,True
00-0040649,12656,4691688,OuztRo00,Robbie Ouzts,SEA,RB,24.0,1,2025,175.0,RES,IR,,Undisclosed,,,,1786750245438.0,7.0,Inactive,True
00-0040651,12462,4808830,MartDa02,Damien Martinez,GB,RB,22.6,1,2025,223.0,CUT,,,,,,,1788208215065.0,,Active,True
00-0040653,12475,4431479,WhitRi01,Ricky White III,SEA,WR,24.6,1,2025,238.0,DEV,,,,,,,1788409238233.0,,Active,True
00-0040656,13217,4565358,DekkHu00,Hunter Dekkers,NO,QB,25.2,1,2025,,CUT,,,,,,,1788060352460.0,,Active,True
00-0040663,12506,5083076,FannHa00,Harold Fannin Jr.,CLE,TE,22.1,1,2025,67.0,ACT,,,,,,,1788706530649.0,1.0,Active,True
00-0040666,12507,4685382,HampOm00,Omarion Hampton,LAC,RB,23.5,1,2025,22.0,ACT,,,,,,,1788450605412.0,1.0,Active,True
00-0040667,12501,4701936,GoldMa02,Matthew Golden,GB,WR,23.1,1,2025,23.0,ACT,,,,,,,1788968426740.0,3.0,Active,True
00-0040668,12524,4432762,SandSh00,Shedeur Sanders,CLE,QB,24.6,1,2025,144.0,ACT,,,,,,,1788972035475.0,3.0,Active,True
00-0040669,12535,5123663,TeSlIs00,Isaac TeSlaa,DET,WR,24.6,1,2025,70.0,ACT,,,,,,,1788882949919.0,3.0,Active,True
00-0040673,12510,4432734,MilrJa00,Jalen Milroe,SEA,QB,23.7,1,2025,92.0,ACT,Out,,Coach's Decision,,,,1788995447313.0,3.0,Active,True
00-0040676,12522,4688380,WardCa00,Cam Ward,TEN,QB,24.3,1,2025,1.0,ACT,,,,,,,1788554422621.0,1.0,Active,True
00-0040691,12508,4689114,DartJa00,Jaxson Dart,NYG,QB,23.3,1,2025,25.0,ACT,,,,,,,1788619817318.0,1.0,Active,True
00-0040692,11569,4710341,HuntJa03,Jarquez Hunter,MIA,RB,23.7,1,2025,117.0,DEV,,,,,,,1788318925633.0,,Active,True
00-0040697,13249,,,Thomas Gordon,DET,TE,26.0,1,2025,,DEV,,,,,,,1788311424804.0,,Active,True
00-0040702,,,,Mitch Van Vooren,DAL,TE,,1,2025,,DEV,,,,,,,,,,
00-0040704,12486,4427238,GabrDi00,Dillon Gabriel,CLE,QB,25.7,1,2025,94.0,RES,IR,,Back,,,,1788202512654.0,2.0,Inactive,True
00-0040705,12540,4431268,DikeCh00,Chimere Dike,TEN,WR,24.7,1,2025,103.0,ACT,,,,,,,1788658825992.0,4.0,Active,True
00-0040715,12481,4696981,SkatCa00,Cam Skattebo,NYG,RB,24.6,1,2025,105.0,ACT,,,,,,,1788892251076.0,1.0,Active,True
00-0040718,12530,4685415,HuntTr00,Travis Hunter,JAX,WR,23.3,1,2025,2.0,ACT,,,,,,,,,,
00-0040719,12490,4882093,TuteBh00,Bhayshul Tuten,JAX,RB,24.6,1,2025,104.0,ACT,,,,,,,1788988246606.0,1.0,Active,True
00-0040727,12509,4686612,HarrTr03,Tre Harris,LAC,WR,24.5,1,2025,55.0,ACT,,,,,,,1788992146975.0,3.0,Active,True
00-0040729,12483,4603186,BechJa00,Jack Bech,LV,WR,23.7,1,2025,58.0,ACT,,,,,,,1788646825009.0,3.0,Active,True
00-0040730,12489,4568490,HarvRJ00,RJ Harvey,DEN,RB,25.6,1,2025,60.0,ACT,,,,,,,1788543321840.0,2.0,Active,True
00-0040734,12529,4432710,HendTr02,TreVeyon Henderson,NE,RB,23.9,1,2025,38.0,ACT,Out,,Ankle,,,,1788902120347.0,4.0,Active,True
00-0040735,12519,4685278,BurdLu00,Luther Burden III,CHI,WR,22.7,1,2025,39.0,ACT,,,,,,,1788986446475.0,2.0,Active,True
00-0040736,12498,4808766,TaylMa02,Mason Taylor,NYJ,TE,22.3,1,2025,42.0,ACT,,,,,,,1788974734224.0,1.0,Active,True
00-0040737,12487,4570037,FergTe00,Terrance Ferguson,LA,TE,23.5,1,2025,46.0,ACT,,,,,,,1788986445774.0,1.0,Active,True
00-0040739,12521,4678006,ArroEl00,Elijah Arroyo,SEA,TE,23.4,1,2025,50.0,ACT,,,,,,,1788734733392.0,2.0,Active,True
00-0040743,12545,4360689,ShouTy00,Tyler Shough,NO,QB,26.9,1,2025,40.0,ACT,,,,,,,1788883550036.0,1.0,Active,True
00-0040753,12788,,,Will Sheppard,MIA,WR,24.6,1,2025,,DEV,,,,,,,1788333627793.0,,Active,True
00-0040769,,,,Jaden Smith,DAL,WR,24.7,1,2025,,CUT,,,,,,,,,,
00-0040782,12503,4808839,BondIs00,Isaiah Bond,CLE,WR,22.5,1,2025,,ACT,,,,,,,1788807342802.0,4.0,Active,True
00-0040784,12512,4685702,JudkQu00,Quinshon Judkins,CLE,RB,22.9,1,2025,36.0,ACT,,,,,,,1788449105184.0,1.0,Active,True
00-0040785,13264,4384852,MeyeDo00,Dohnte Meyers,CIN,WR,26.2,0,2026,,ACT,,,,,,,1788110756008.0,5.0,Active,True
00-0040792,,,,Layne Pryor,HOU,TE,,1,2025,,CUT,,,,,,,,,,
00-0040853,13407,,,Carson Towt,IND,TE,25.3,0,2026,,RES,IR,,Undisclosed,,,,1787124054406.0,6.0,Inactive,True
00-0040867,13294,4870795,LemoMa00,Makai Lemon,PHI,WR,22.3,0,2026,20.0,ACT,,,,,,,1788884150059.0,3.0,Active,True
00-0040870,13293,4870847,LaneJa01,Ja'Kobi Lane,BAL,WR,22.1,0,2026,80.0,ACT,,,,,,,1788881449804.0,3.0,Active,True
00-0040876,13268,5088338,SarrEl00,Elijah Sarratt,BAL,WR,23.3,0,2026,115.0,ACT,,,,,,,1788633623689.0,5.0,Active,True
00-0040878,13305,,,Mike Washington Jr.,LV,RB,23.2,0,2026,122.0,ACT,,,,,,,1788972034228.0,2.0,Active,True
00-0040879,,4432260,HibnMa00,Matthew Hibner,BAL,TE,24.5,0,2026,133.0,ACT,,,,,,,,,,
00-0040886,13288,4685555,SingNi01,Nicholas Singleton,TEN,RB,22.7,0,2026,165.0,ACT,,,,,,,1788708631044.0,3.0,Active,True
00-0040887,13273,4876132,CuevJo00,Josh Cuevas,BAL,TE,24.0,0,2026,173.0,ACT,,,,,,,1787984743637.0,4.0,Active,True
00-0040888,13302,4685526,RandAd00,Adam Randall,BAL,RB,22.2,0,2026,174.0,RES,IR,,Undisclosed,,,,1788207014914.0,5.0,Inactive,True
00-0040890,13413,4912218,AlleCy00,Cyrus Allen,KC,WR,23.6,0,2026,176.0,ACT,,,,,,,1788920122177.0,4.0,Active,True
00-0040891,13335,4879250,PaytCo00,Cole Payton,PHI,QB,23.9,0,2026,178.0,ACT,,,,,,,1786850407568.0,4.0,Active,True
00-0040894,13329,5150247,BensMa00,Malik Benson,LV,WR,23.9,0,2026,195.0,ACT,,,,,,,1787891756940.0,4.0,Active,True
00-0040895,13313,4685381,HendEm00,Emmanuel Henderson Jr.,SEA,WR,23.5,0,2026,199.0,DEV,,,,,,,1788408938179.0,,Active,True
00-0040900,13582,4685110,SmitAn05,Anthony Smith,DAL,WR,24.5,0,2026,218.0,DEV,,,,,,,1788309924388.0,,Active,True
00-0040901,13422,4877034,KanaJa00,Jaren Kanak,TEN,TE,22.6,0,2026,225.0,RES,IR,,Pectoral,,,,1786946722005.0,6.0,Inactive,True
00-0040906,13404,4567747,NussGa00,Garrett Nussmeier,KC,QB,24.6,0,2026,249.0,ACT,,,,,,,1787976642934.0,3.0,Active,True
00-0040912,13776,4814930,BeatHa00,Hank Beatty,TEN,WR,,0,2026,,CUT,,,,,,,1788481516401.0,,Active,True
00-0040919,13600,5103197,MontTy02,Tyren Montgomery,TEN,WR,25.2,0,2026,,DEV,,,,,,,1788482116507.0,,Active,True
00-0040930,13726,4808759,,Camden Brown,DAL,WR,22.3,0,2026,,ACT,,,,,,,1788463208030.0,6.0,Active,True
00-0040934,13325,4685409,,Jordan Hudson,DAL,WR,22.8,0,2026,,DEV,,,,,,,1788310524604.0,,Active,True
00-0040937,13725,4430689,,Dominic Richardson,NYJ,RB,,0,2026,,RES,Questionable,,Undisclosed,,,,1788852048246.0,,Inactive,True
00-0040938,13355,,,DJ Rogers,DAL,TE,24.8,0,2026,,RES,IR,,Knee,,,,1788217514294.0,6.0,Inactive,True
00-0040939,13401,4594749,TrigMi00,Michael Trigg,DAL,TE,24.2,0,2026,,DEV,,,,,,,1788310224497.0,,Active,True
00-0040946,13906,4683165,,Jaden Nixon,GB,RB,,0,2026,,CUT,,,,,,,1788114056828.0,,Active,True
00-0040948,13770,4635009,MichJ00,J. Michael Sturdivant,GB,WR,24.0,0,2026,,ACT,,,,,,,1788117056521.0,9.0,Active,True
00-0040953,13392,4885466,CaldJe01,Jeff Caldwell,KC,WR,23.5,0,2026,,RES,IR,Soreness,Knee,,,,1787699741662.0,8.0,Inactive,True
00-0040954,13905,,,Omari Evans,KC,WR,22.7,0,2026,,DEV,,,,,,,1788314725183.0,,Active,True
00-0040955,13342,4708490,MichJo03,John Michael Gyllenborg,KC,TE,24.1,0,2026,,RES,IR,,Knee,,,,1785276001616.0,6.0,Inactive,True
00-0040959,13419,4685489,OttxJa01,Jaydn Ott,KC,RB,23.7,0,2026,,DEV,,,,,,,1788315025468.0,,Active,True
00-0040964,13778,4430825,SmitEJ00,EJ Smith,KC,RB,,0,2026,,RES,Questionable,,Undisclosed,,,,1788576625083.0,,Inactive,True
00-0040967,,,,Jacob De Jesus,KC,WR,,0,2026,,CUT,,,,,,,,,,
00-0040970,13890,,,Michael Briscoe,MIN,WR,24.1,0,2026,,DEV,,,,,,,1788321625851.0,,Active,True
00-0040974,,,,Lance Mason,PIT,TE,,0,2026,,CUT,,,,,,,,,,
00-0040976,,,,Levi Wentz,PIT,WR,,0,2026,,CUT,,,,,,,,,,
00-0040977,,,,Cortez Braham,BAL,WR,,0,2026,,CUT,,,,,,,,,,
00-0040981,13350,4429582,FagnJo00,Joe Fagnano,BAL,QB,25.4,0,2026,,ACT,,,,,,,1788498018283.0,4.0,Active,True
00-0040984,,,,Dontae McMillan,BAL,RB,,0,2026,,CUT,,,,,,,,,,
00-0040986,13705,,,Ty Pezza,BAL,WR,24.0,0,2026,,DEV,,,,,,,,,Active,True
00-0040989,,,,Octavian Smith,BAL,WR,,0,2026,,CUT,,,,,,,,,,
00-0040991,,,,Elijah Tau-Tolliver,BAL,RB,,0,2026,,CUT,,,,,,,,,,
00-0040996,,,,Jacob Clark,LV,QB,,0,2026,,CUT,,,,,,,,,,
00-0040998,13416,4688835,HembRo00,Roman Hemby,LV,RB,24.1,0,2026,,DEV,,,,,,,1788316825506.0,,Active,True
00-0041001,,,,Matt Lauter,MIN,TE,,0,2026,,CUT,,,,,,,,,,
00-0041004,13410,4714388,RobeCh00,Chase Roberts,LV,WR,,0,2026,,RES,Questionable,,Undisclosed,,,,1788576925083.0,,Inactive,True
00-0041005,13898,,,Corey Rucker,LV,WR,24.3,0,2026,,RES,IR,,Undisclosed,,,,1781124916279.0,11.0,Inactive,True
00-0041011,,,,E.J. Williams Jr.,LV,WR,,0,2026,,CUT,,,,,,,,,,
00-0041013,13337,4832955,JohnEm01,Emmett Johnson,KC,RB,22.9,0,2026,161.0,ACT,,,,,,,1788843945551.0,2.0,Active,True
00-0041016,13913,,,Patrick Gurd,LV,TE,24.6,0,2026,,CUT,,,,,,,1788853848477.0,,Active,True
00-0041020,,,,Xavier Loyd,KC,WR,,0,2026,,CUT,,,,,,,,,,
00-0041027,13287,4870808,LoveJe00,Jeremiyah Love,ARI,RB,21.3,0,2026,3.0,ACT,Questionable,,Ankle,,,,1788989748307.0,1.0,Active,True
00-0041029,13281,4880281,TysoJo00,Jordyn Tyson,NO,WR,22.1,0,2026,8.0,RES,IR,Strain,Hamstring,,,,1788907820809.0,11.0,Inactive,True
00-0041032,13330,5083315,SadiKe00,Kenyon Sadiq,NYJ,TE,21.5,0,2026,16.0,ACT,,,,,,,1788985847526.0,2.0,Active,True
00-0041035,13417,4710714,StriDe01,De'Zhaun Stribling,SF,WR,23.7,0,2026,33.0,ACT,,,,,,,1788981645458.0,3.0,Active,True
00-0041037,13346,4832800,BostDe00,Denzel Boston,CLE,WR,22.8,0,2026,39.0,ACT,,,,,,,1788832544143.0,3.0,Active,True
00-0041040,13301,5081432,WillAn04,Antonio Williams,WAS,WR,22.2,0,2026,71.0,ACT,,,,,,,1788720032085.0,3.0,Active,True
00-0041041,13319,4702559,DelpOs01,Oscar Delp,NO,TE,23.1,0,2026,73.0,ACT,Questionable,,Hamstring,,,,1787614241787.0,3.0,Active,True
00-0041042,13285,4682648,FielMa00,Malachi Fields,NYG,WR,23.0,0,2026,74.0,ACT,,,,,,,1788982545388.0,3.0,Active,True
00-0041044,13320,4870612,BranZa00,Zachariah Branch,ATL,WR,22.4,0,2026,79.0,ACT,Questionable,,Hamstring,,,,1788985546426.0,4.0,Active,True
00-0041047,13353,5091739,BrazCh01,Chris Brazzell II,CAR,WR,22.9,0,2026,83.0,RES,IR,,Knee,,,,1785555638825.0,10.0,Inactive,True
00-0041048,13317,5220680,HursTe00,Ted Hurst III,TB,WR,22.2,0,2026,84.0,ACT,,,,,,,1788711331117.0,4.0,Active,True
00-0041051,13411,4869748,ThomZa05,Zavion Thomas,CHI,WR,22.6,0,2026,89.0,ACT,,,,,,,1788915925425.0,4.0,Active,True
00-0041052,13414,4696044,BlacKa00,Kaelon Black,SF,RB,24.9,0,2026,90.0,ACT,,,,,,,1788960625981.0,2.0,Active,True
00-0041056,13303,4685413,KlubCa00,Cade Klubnik,NYJ,QB,22.9,0,2026,110.0,ACT,,,,,,,1788203114293.0,3.0,Active,True
00-0041067,13420,4879276,LancBr00,Bryce Lance,NO,WR,24.1,0,2026,136.0,ACT,,,,,,,1787979042988.0,3.0,Active,True
00-0041069,13477,5092508,YounCo01,Colbie Young,CIN,WR,24.1,0,2026,140.0,ACT,,,,,,,1787975442509.0,4.0,Active,True
00-0041070,13297,4869132,VirgRe00,Reggie Virgil,ARI,WR,22.3,0,2026,143.0,ACT,,,,,,,1788061252400.0,5.0,Active,True
00-0041077,13400,4912052,JolyJu00,Justin Joly,MIA,TE,22.2,0,2026,152.0,ACT,,,,,,,1788215113829.0,4.0,Active,True
00-0041081,13516,4878695,BredMa00,Max Bredeson,MIN,RB,23.9,0,2026,159.0,ACT,,,,,,,1780615238081.0,4.0,Active,True
00-0041084,13408,4917427,KoziTa00,Tanner Koziol,JAX,TE,22.6,0,2026,164.0,ACT,,,,,,,1787424025037.0,3.0,Active,True
00-0041087,13435,4565859,RoyeJo01,Joe Royer,CLE,TE,24.5,0,2026,170.0,RES,PUP,,Personal,,,,1788125758011.0,5.0,Active,True
00-0041092,13306,4431325,GreeTa00,Taylen Green,CLE,QB,23.9,0,2026,182.0,ACT,,,,,,,1788811542358.0,4.0,Active,True
00-0041094,13308,4890373,SharBa00,Bauer Sharp,TB,TE,23.4,0,2026,185.0,ACT,,,,,,,1780442450830.0,5.0,Active,True
00-0041096,13405,4685246,AlleKa01,Kaytron Allen,WAS,RB,23.7,0,2026,187.0,ACT,,,,,,,1788712831238.0,3.0,Active,True
00-0041099,13533,4698597,BrowBa02,Barion Brown,NO,WR,22.7,0,2026,190.0,ACT,,,,,,,1788966926414.0,4.0,Active,True
00-0041100,13394,4879194,CameJo01,Josh Cameron,JAX,WR,23.5,0,2026,191.0,ACT,,,,,,,1787370031026.0,5.0,Active,True
00-0041104,13347,4832846,ClaiDe00,Demond Claiborne,MIN,RB,22.9,0,2026,198.0,ACT,,,,,,,1788748534894.0,3.0,Active,True
00-0041106,13554,5085024,WillCJ00,C.J. Williams,JAX,WR,23.9,0,2026,203.0,ACT,,,,,,,1787410523046.0,9.0,Active,True
00-0041116,13282,5085189,EndrJa00,Jack Endries,CIN,TE,22.5,0,2026,221.0,ACT,,,,,,,1786816501976.0,4.0,Active,True
00-0041117,13557,4432722,KaliAt00,Athan Kaliakmanis,WAS,QB,23.1,0,2026,223.0,ACT,,,,,,,1788621917903.0,4.0,Active,True
00-0041123,13295,4431465,MortBe00,Behren Morton,NE,QB,24.6,0,2026,234.0,ACT,Out,,Coach's Decision,,,,1788995447298.0,3.0,Active,True
00-0041125,13424,4686468,McGoSe01,Seth McGowan,IND,RB,24.9,0,2026,237.0,ACT,,,,,,,1788897951398.0,2.0,Active,True
00-0041129,13403,4685477,MillJa03,Jam Miller,NE,RB,,0,2026,245.0,CUT,Questionable,,Undisclosed,,,,1788146407696.0,,Active,True
00-0041131,13580,4685540,RyanCa00,Carsen Ryan,CLE,TE,23.1,0,2026,248.0,ACT,,,,,,,1787890256713.0,3.0,Active,True
00-0041132,13333,4683151,BurkDe02,Deion Burks,IND,WR,23.7,0,2026,254.0,ACT,,,,,,,1777584057525.0,6.0,Active,True
00-0041133,13577,5159802,BentDa00,Dallen Bentley,DEN,TE,25.7,0,2026,256.0,ACT,,,,,,,1777576824694.0,6.0,Active,True
00-0041139,,,,Damon Bankston,NYG,RB,,0,2026,,CUT,,,,,,,,,,
00-0041149,13415,4428993,,Haynes King,CAR,QB,25.7,0,2026,,ACT,,,,,,,1788994847323.0,3.0,Active,True
00-0041152,13708,4869965,PrenKo00,Kobe Prentice,NYG,WR,,0,2026,,CUT,,,,,,,1788062452321.0,,Active,True
00-0041156,13816,4695400,GronMa00,Mark Gronowski,MIA,QB,24.9,0,2026,,CUT,,,,,,,1788843046428.0,,Active,True
00-0041158,13409,4596347,,Donaven McCulley,MIA,WR,,0,2026,,CUT,,,,,,,1788110756323.0,,Active,True
00-0041161,,,,Le'Veon Moss,MIA,RB,,0,2026,,RET,,,,,,,,,,
00-0041165,,,,Coleman Bennett,MIA,RB,,0,2026,,CUT,,,,,,,,,,
00-0041168,,,,Omari Kelly,CHI,WR,,0,2026,,CUT,,,,,,,,,,
00-0041170,13712,,,Hayden Large,CHI,TE,24.5,0,2026,,RES,IR,,Undisclosed,,,,1788306323960.0,7.0,Inactive,True
00-0041172,,,,Miller Moss,CHI,QB,,0,2026,,CUT,,,,,,,,,,
00-0041176,13760,,,Jaden Bradley,WAS,WR,23.5,0,2026,,DEV,,,,,,,1788483916391.0,,Active,True
00-0041178,13418,5151317,HenrRo00,Robert Henry Jr.,WAS,RB,24.7,0,2026,,DEV,,,,,,,1788484216621.0,,Active,True
00-0041179,13674,4431334,HiltCh00,Chris Hilton Jr.,GB,WR,23.9,0,2026,,DEV,,,,,,,1788312024709.0,,Active,True
00-0041180,,,,Quentin Moore,WAS,TE,26.0,0,2026,,RES,,,,,,,,,,
00-0041185,13343,4869816,AnthVi01,Vinny Anthony II,ATL,WR,23.2,0,2026,,DEV,,,,,,,1788238216850.0,,Active,True
00-0041191,13595,4881826,JoneCa06,Cash Jones,ATL,RB,26.4,0,2026,,DEV,,,,,,,1788238517361.0,,Active,True
00-0041194,13602,5344782,,Jack Strand,ATL,QB,22.2,0,2026,,ACT,,,,,,,1788497417935.0,4.0,Active,True
00-0041195,13846,,,Jack Velling,ATL,TE,22.9,0,2026,,DEV,,,,,,,1788237616612.0,,Active,True
00-0041199,13826,4430185,,Caullin Lacy,NYJ,WR,,0,2026,,CUT,Questionable,,Undisclosed,,,,1787955639708.0,,Inactive,True
00-0041203,13428,,,Joey Aguilar,JAX,QB,25.2,0,2026,,DEV,,,,,,,1788314124996.0,,Active,True
00-0041205,,,,Brady Boyd,JAX,WR,,0,2026,,CUT,,,,,,,,,,
00-0041206,,,,Alex Bullock,JAX,WR,,0,2026,,RET,,,,,,,,,,
00-0041207,,,,Ethan Conner,MIA,TE,,0,2026,,CUT,,,,,,,,,,
00-0041215,,,,Ben Patterson,CLE,WR,,0,2026,,CUT,,,,,,,,,,
00-0041216,13356,4575862,PenaTr00,Trebor Pena,JAX,WR,24.5,0,2026,,DEV,,,,,,,1788314425106.0,,Active,True
00-0041217,13348,4713118,TaylJM00,J'Mari Taylor,JAX,RB,24.5,0,2026,,DEV,,,,,,,1788314725187.0,,Active,True
00-0041220,13645,,,Michael Wortham,JAX,WR,24.2,0,2026,,DEV,,,,,,,1788315025464.0,,Active,True
00-0041228,,,,Sahmir Hagans,IND,WR,,0,2026,,CUT,,,,,,,,,,
00-0041233,,,,Raylen Sharpe,IND,WR,,0,2026,,CUT,,,,,,,,,,
00-0041237,,,,Chase Curtis,NYJ,TE,,0,2026,,CUT,,,,,,,,,,
00-0041239,,4430893,TrayCh00,Chip Trayanum,NYJ,RB,24.7,0,2026,,RES,,,,,,,,,,
00-0041241,13436,,,Kentrel Bullock,CIN,RB,24.4,0,2026,,DEV,,,,,,,1788309924400.0,,Active,True
00-0041244,13946,4611995,HaynJa01,Jamal Haynes,CIN,RB,,0,2026,,CUT,,,,,,,1779560456621.0,,Active,True
00-0041246,,,,Josh Kattus,CIN,TE,,0,2026,,CUT,,,,,,,,,,
00-0041248,13318,4718457,ThomNo01,Noah Thomas,CIN,WR,22.7,0,2026,,DEV,,,,,,,1788310524616.0,,Active,True
00-0041251,13425,4596472,DaniJa03,Jalon Daniels,TB,QB,23.9,0,2026,,ACT,,,,,,,1788100255087.0,3.0,Active,True
00-0041252,,,,Kenny Fletcher Jr.,TB,TE,22.8,0,2026,,CUT,,,,,,,,,,
00-0041257,13316,4713277,RiveEr00,Eric Rivers Jr.,TB,WR,24.0,0,2026,,DEV,,,,,,,1788411038534.0,,Active,True
00-0041263,13292,,,Lake McRee,PIT,TE,24.0,0,2026,,DEV,,,,,,,1788406237835.0,,Active,True
00-0041265,,,,Squirrel White,CHI,WR,,0,2026,,RET,,,,,,,,,,
00-0041266,,,,Keelan Marion,ATL,WR,,0,2026,,CUT,,,,,,,,,,
00-0041267,13825,,,Malik McClain,NYJ,WR,23.9,0,2026,,DEV,,,,,,,1788403237684.0,,Active,True
00-0041272,13696,4430270,MaclJa00,Ja'Mori Maclin,BUF,WR,25.0,0,2026,,DEV,,,,,,,1788306023796.0,,Active,True
00-0041274,,,,Max Tomczak,BUF,WR,,0,2026,,CUT,,,,,,,,,,
00-0041277,13339,5153650,BootDa00,Davon Booth,IND,RB,24.6,0,2026,,DEV,,,,,,,1788312625381.0,,Active,True
00-0041287,13749,,,Kole Wilson,CLE,WR,22.7,0,2026,,DEV,,,,,,,1788309024580.0,,Active,True
00-0041292,13981,,,Kolbe Katsis,DEN,WR,24.7,0,2026,,DEV,,,,,,,1788310224544.0,,Active,True
00-0041293,13336,4685424,KeyxDa00,Dane Key,DEN,WR,23.2,0,2026,,DEV,,,,,,,1788310224531.0,,Active,True
00-0041294,,,,Joseph Manjack,DEN,WR,,0,2026,,CUT,,,,,,,,,,
00-0041299,,,,Cameron Ross,DEN,WR,,0,2026,,CUT,,,,,,,,,,
00-0041308,,,,Treyvhon Saunders,HOU,WR,,0,2026,,CUT,,,,,,,,,,
00-0041309,13861,,,Daniel Sobkowicz,HOU,WR,24.0,0,2026,,DEV,,,,,,,1788271518981.0,,Active,True
00-0041312,13437,4432631,WhitNo00,Noah Whittington,HOU,RB,24.7,0,2026,,DEV,,,,,,,1788271219331.0,,Active,True
00-0041314,13827,,,Tanner Arkin,NE,TE,23.2,0,2026,,ACT,,,,,,,1778285742728.0,6.0,Active,True
00-0041317,,,,Nick DeGennaro,NE,WR,,0,2026,,CUT,,,,,,,,,,
00-0041318,13830,5011554,,Kyle Dixon,NE,WR,26.0,0,2026,,DEV,,,,,,,1788399337196.0,,Active,True
00-0041319,13962,,,Cameron Dorner,NE,WR,22.6,0,2026,,DEV,,,,,,,1788399636472.0,,Active,True
00-0041322,,,,Jimmy Kibble,NE,WR,,0,2026,,CUT,,,,,,,,,,
00-0041323,13964,4676889,,Myles Montgomery,NE,RB,23.4,0,2026,,RES,IR,,Undisclosed,,,,1786662646055.0,,Inactive,True
00-0041326,13277,5081999,DonaCJ00,CJ Donaldson,NO,RB,22.2,0,2026,,DEV,,,,,,,1788400236602.0,,Active,True
00-0041327,,,,Cody Hardy,NO,TE,,0,2026,,CUT,,,,,,,,,,
00-0041342,13621,4712579,,Dillon Bell,MIN,WR,22.8,0,2026,,DEV,,,,,,,1788318626017.0,,Active,True
00-0041352,,,,Marcus Sanders Jr.,MIN,WR,,0,2026,,CUT,,,,,,,,,,
00-0041357,13432,4699678,,Khalil Dinkins,SF,TE,24.3,0,2026,,DEV,,,,,,,1788407437985.0,,Active,True
00-0041359,13663,,,Wesley Grimes,SF,WR,22.5,0,2026,,DEV,,,,,,,1788407437985.0,,Active,True
00-0041361,13662,,,Will Pauling,SF,WR,23.5,0,2026,,DEV,,,,,,,1788407738584.0,,Active,True
00-0041366,13879,,,Jameson Geers,ARI,TE,23.8,0,2026,,RES,IR,,Undisclosed,,,,1786824303267.0,7.0,Inactive,True
00-0041368,13670,4699354,WallHa00,Harrison Wallace III,ARI,WR,23.4,0,2026,,DEV,,,,,,,1788238817429.0,,Active,True
00-0041373,,,,Jerand Bradley,LAC,WR,,0,2026,,CUT,,,,,,,,,,
00-0041374,,,,Sincere Brown,LAC,WR,,0,2026,,RES,,,,,,,,,,
00-0041376,13603,,,Gregory Desrosiers,LAC,RB,25.5,0,2026,,DEV,,,,,,,1788316225422.0,,Active,True
00-0041380,,,,Devonte Ross,LAC,WR,,0,2026,,CUT,,,,,,,,,,
00-0041384,13630,,,Evan Svoboda,LAC,TE,23.4,0,2026,,DEV,,,,,,,1788317425382.0,,Active,True
00-0041395,13421,4831959,RariEl00,Eli Raridon,NE,TE,22.6,0,2026,95.0,ACT,,,,,,,1788930322920.0,2.0,Active,True
00-0041397,13491,5081338,WetjKa00,Kaden Wetjen,PIT,WR,24.5,0,2026,121.0,ACT,,,,,,,1787899857819.0,6.0,Active,True
00-0041398,13433,4693370,NowaRi00,Riley Nowakowski,PIT,TE,24.2,0,2026,169.0,ACT,,,,,,,1781216404734.0,3.0,Active,True
00-0041399,,4605951,DaniCJ00,CJ Daniels,LA,WR,24.7,0,2026,197.0,ACT,,,,,,,,,,
00-0041403,13810,5083509,JoneRo03,Rohan Jones,LA,TE,,0,2026,,CUT,,,,,,,1788066053119.0,,Active,True
00-0041414,,,,Matthew Caldwell,LA,QB,23.3,0,2026,,RES,,,,,,,,,,
00-0041415,13315,5082269,ConnDe00,Dean Connors,LA,RB,23.0,0,2026,,DEV,,,,,,,1788317725472.0,,Active,True
00-0041422,13321,4608858,,Dan Villari,LA,TE,24.2,0,2026,,DEV,,,,,,,1788318026098.0,,Active,True
00-0041435,14020,,,Dean Patterson IV,TB,WR,24.3,0,2026,,DEV,,,,,,,1788410438344.0,,Active,True
00-0041436,,,,DJ Herman,MIA,RB,24.5,0,2026,,ACT,,,,,,,,,,
00-0041438,13279,4871023,TateCa00,Carnell Tate,TEN,WR,21.6,0,2026,4.0,ACT,,,,,,,1788986446463.0,1.0,Active,True
00-0041443,13402,4683153,BellSk00,Skyler Bell,BUF,WR,24.2,0,2026,125.0,ACT,,,,,,,1787889356434.0,5.0,Active,True
00-0041446,13412,4685441,LawxKe00,Kendrick Law,DET,WR,22.2,0,2026,168.0,RES,IR,,Knee - ACL,,,,1781769316050.0,8.0,Inactive,True
00-0041451,14034,4877738,,Brock Rechsteiner,NO,WR,24.1,0,2026,,RES,Sus,,Suspension,,,,1788122457721.0,,Active,True
00-0041452,,,,Johnny Pascuzzi,LAC,TE,,0,2026,,CUT,,,,,,,,,,
00-0041453,13314,4597679,AltmLu00,Luke Altmyer,DET,QB,23.9,0,2026,,DEV,,,,,,,1788311125671.0,,Active,True
00-0041467,13541,4683159,BondLe00,Lewis Bond,HOU,WR,23.3,0,2026,204.0,DEV,,,,,,,1788270918999.0,,Active,True
00-0041472,13307,4695705,KleiMa00,Marlin Klein,HOU,TE,24.0,0,2026,59.0,ACT,,,,,,,1787350829212.0,2.0,Active,True
00-0041475,14038,,,Trayvon Rudolph,MIN,WR,24.3,0,2026,,DEV,,,,,,,1788322226148.0,,Active,True
00-0041476,,,,Rashad Rochelle,SEA,WR,,0,2026,,CUT,,,,,,,,,,
00-0041481,,,,Terrill Davis,MIN,WR,,0,2026,,CUT,,,,,,,,,,
00-0041483,13349,4431574,StowEl00,Eli Stowers,PHI,TE,23.4,0,2026,54.0,ACT,Questionable,,Hamstring,,,,1788995447324.0,2.0,Active,True
00-0041485,,,,Miles Davis,CAR,RB,,0,2026,,CUT,,,,,,,,,,
00-0041486,14041,,,Anderson Castle,IND,RB,24.6,0,2026,,DEV,,,,,,,1788312324684.0,,Active,True
00-0041489,13274,4685261,BernGe00,Germie Bernard,PIT,WR,22.8,0,2026,47.0,ACT,,,,,,,1788666326756.0,3.0,Active,True
00-0041490,13423,5081508,HeidEl00,Eli Heidenreich,PIT,RB,23.1,0,2026,230.0,ACT,,,,,,,1787927425968.0,4.0,Active,True
00-0041496,13345,4702555,ColeJo00,Jonah Coleman,DEN,RB,23.1,0,2026,108.0,ACT,,,,,,,1788966926414.0,3.0,Active,True
00-0041503,13299,4686248,BoerNa00,Nate Boerkircher,JAX,TE,25.0,0,2026,56.0,ACT,,,,,,,1788747034699.0,2.0,Active,True
00-0041510,13278,4833029,KlarMa00,Max Klare,LA,TE,23.2,0,2026,61.0,ACT,,,,,,,1787897457460.0,5.0,Active,True
00-0041511,13276,4723820,CoopOm00,Omar Cooper Jr.,NYJ,WR,22.7,0,2026,30.0,ACT,,,,,,,1788490217169.0,3.0,Active,True
00-0041512,13286,4685512,PricJa02,Jadarian Price,SEA,RB,22.9,0,2026,32.0,ACT,,,,,,,1788962126070.0,1.0,Active,True
00-0041523,13296,4869645,DougCa00,Caleb Douglas,MIA,WR,23.0,0,2026,75.0,ACT,,,,,,,1788986445775.0,2.0,Active,True
00-0041524,13434,4880236,KacmWi00,Will Kacmarek,MIA,TE,23.6,0,2026,87.0,ACT,,,,,,,1788853247915.0,2.0,Active,True
00-0041525,13311,4869961,BellCh00,Chris Bell,MIA,WR,22.3,0,2026,94.0,ACT,,,,,,,1788973834685.0,4.0,Active,True
00-0041529,13338,4685307,ColeKe03,Kevin Coleman Jr.,MIA,WR,23.0,0,2026,177.0,ACT,,,,,,,1787442027124.0,5.0,Active,True
00-0041535,,,,Louis Hansen,HOU,TE,,0,2026,,CUT,,,,,,,,,,
00-0041547,13298,4870653,ConcKC00,KC Concepcion,CLE,WR,22.0,0,2026,24.0,ACT,,,,,,,1788401435470.0,2.0,Active,True
00-0041550,13380,4685553,ThomBr07,Brenen Thompson,LAC,WR,23.1,0,2026,105.0,ACT,Questionable,,Undisclosed,,,,1788995448434.0,4.0,Active,True
00-0041558,13322,4685504,RousSa00,Sam Roush,CHI,TE,23.0,0,2026,69.0,ACT,,,,,,,1788054651396.0,3.0,Active,True
00-0041561,13272,4430841,BeckCa01,Carson Beck,ARI,QB,24.8,0,2026,65.0,ACT,,,,,,,1788228313292.0,3.0,Active,True
00-0041562,13269,4837248,MendFe00,Fernando Mendoza,LV,QB,22.9,0,2026,1.0,ACT,,,,,,,1788371731173.0,3.0,Active,True
00-0041565,13289,4714771,AllaDr00,Drew Allar,PIT,QB,22.5,0,2026,76.0,ACT,,,,,,,1787930726503.0,4.0,Active,True
00-0041566,,,,Jeremiah Franklin,MIA,TE,,0,2026,,CUT,,,,,,,,,,
00-0041568,13275,4685522,SimpTy00,Ty Simpson,LA,QB,23.7,0,2026,13.0,ACT,,,,,,,1787896857354.0,3.0,Active,True
00-0041570,,,,Tyler Moore,IND,TE,,0,2026,,CUT,,,,,,,,,,
00-0041571,,,,Liam Clifford,LAC,WR,,0,2026,,CUT,,,,,,,,,,
00-0041572,,,,Roydell Williams,DET,RB,,0,2026,,CUT,,,,,,,,,,
00-0041575,,,,Jeff Weimer,KC,WR,,0,2026,,CUT,,,,,,,,,,
00-0041576,,,,Drew Biber,CLE,TE,,0,2026,,CUT,,,,,,,,,,
00-0041577,,,,Connor Hulstein,NYJ,TE,,0,2026,,RES,,,,,,,,,,
00-0041579,13429,4714379,TraoSe00,Seydou Traore,MIA,TE,24.1,0,2026,180.0,ACT,,,,,,,1788037849655.0,3.0,Active,True
00-0041585,,,,Grant Finley,NYG,RB,23.1,0,2026,,DEV,,,,,,,,,,
00-0041588,,,,Justin Jones,SEA,RB,,0,2026,,CUT,,,,,,,,,,
00-0041595,,,,Barika Kpeenu,TB,RB,,0,2026,,CUT,,,,,,,,,,
00-0041598,,,,Alex Tecza,PIT,RB,,0,2026,,CUT,,,,,,,,,,
00-0041599,,,,Matthew Henry,TB,WR,,0,2026,,CUT,,,,,,,,,,
