kind,sleeper_id,count,gsis_id,name,position,team
add,12495,5131350,00-0040198,Ollie Gordon II,RB,MIA
add,11576,2012428,00-0039794,Braelon Allen,RB,NYJ
add,13330,1845189,00-0041032,Kenyon Sadiq,TE,NYJ
add,4035,613712,00-0033906,Alvin Kamara,RB,NO
add,12718,541629,00-0040590,Konata Mumpfield,WR,LA
add,3271,528147,00-0033110,Tyler Higbee,TE,LA
add,3321,511520,,,,
add,9511,449451,00-0038454,Keaton Mitchell,RB,LAC
add,3634,419544,00-0032464,Kalif Raymond,WR,CHI
add,1479,413324,00-0030279,Keenan Allen,WR,IND
add,9756,368964,00-0038994,Jordan Addison,WR,MIN
add,1166,315784,00-0029604,Kirk Cousins,QB,LV
add,2505,310203,00-0031610,Darren Waller,TE,CAR
add,11571,299745,00-0039798,Isaiah Davis,RB,NYJ
add,LV,290172,,,,
add,BAL,274560,,,,
add,MIN,254520,,,,
add,11643,251020,00-0039874,Jaylen Wright,RB,MIA
add,11630,248166,00-0039739,Roman Wilson,WR,PIT
add,PIT,197196,,,,
add,CLE,173663,,,,
add,5947,166338,00-0034960,Jakobi Meyers,WR,JAX
add,11610,166320,00-0039880,Malik Washington,WR,MIA
add,4943,153789,00-0034869,Sam Darnold,QB,SEA
add,9757,150138,00-0038551,Kendre Miller,RB,NO
add,4017,141880,00-0033537,Deshaun Watson,QB,CLE
add,10232,138843,00-0038559,Michael Wilson,WR,ARI
add,13311,134414,00-0041525,Chris Bell,WR,MIA
add,13425,133276,00-0041251,Jalon Daniels,QB,TB
add,12501,108353,00-0040667,Matthew Golden,WR,GB
add,12545,107632,00-0040743,Tyler Shough,QB,NO
add,2307,98444,00-0032268,Marcus Mariota,QB,WAS
add,7002,96804,00-0036040,Juwan Johnson,TE,NO
add,8154,92628,00-0037746,Brian Robinson,RB,ATL
add,4663,92388,,,,
add,6650,90080,,,,
add,CHI,87789,,,,
add,12472,83832,00-0040466,Raheim Sanders,RB,CLE
add,8168,83056,00-0038090,Skyy Moore,WR,GB
add,1737,82244,00-0028986,Case Keenum,QB,CHI
add,12185,72086,,,,
add,5849,67728,00-0035228,Kyler Murray,QB,MIN
add,JAX,65100,,,,
add,12492,64752,00-0040134,Pat Bryant,WR,DEN
add,12711,64218,,,,
add,7049,63987,00-0036259,Jauan Jennings,WR,MIN
add,11603,58770,00-0039793,AJ Barner,TE,SEA
add,9758,56714,00-0039163,C.J. Stroud,QB,HOU
add,12506,55295,00-0040663,Harold Fannin Jr.,TE,CLE
add,6083,54735,,,,
drop,9226,975606,00-0039040,De'Von Achane,RB,MIA
drop,12487,673560,00-0040737,Terrance Ferguson,TE,LA
drop,11435,668250,00-0038797,Emanuel Wilson,RB,SEA
drop,11581,586944,00-0039811,MarShawn Lloyd,RB,GB
drop,9225,372617,00-0038555,Tank Bigsby,RB,PHI
drop,6130,348003,00-0035250,Devin Singletary,RB,NYG
drop,8134,306639,00-0037261,Khalil Shakir,WR,BUF
drop,12493,280915,00-0040189,Oronde Gadsden II,TE,LAC
drop,11625,260240,00-0039890,Adonai Mitchell,WR,NYJ
drop,11637,242766,00-0039901,Keon Coleman,WR,BUF
drop,5012,238734,00-0034753,Mark Andrews,TE,BAL
drop,7567,237904,00-0036919,Kenny Gainwell,RB,TB
drop,9754,234654,00-0038544,Quentin Johnston,WR,LAC
drop,13337,232659,00-0041013,Emmett Johnson,RB,KC
drop,SF,232362,,,,
drop,13298,230409,00-0041547,KC Concepcion,WR,CLE
drop,13296,223864,00-0041523,Caleb Douglas,WR,MIA
drop,13414,217630,00-0041052,Kaelon Black,RB,SF
drop,NE,217133,,,,
drop,10222,201492,00-0039146,Jayden Reed,WR,GB
drop,1339,194706,00-0030061,Zach Ertz,TE,PHI
drop,8121,187968,00-0037816,Romeo Doubs,WR,NE
drop,7553,172767,00-0036970,Kyle Pitts,TE,ATL
drop,10213,163272,00-0038563,Tre Tucker,WR,LV
drop,11624,163161,00-0039894,Xavier Worthy,WR,KC
drop,4037,161946,00-0033921,Chris Godwin Jr.,WR,TB
drop,8132,157195,00-0037263,Tyler Allgeier,RB,ARI
drop,5849,143696,00-0035228,Kyler Murray,QB,MIN
drop,8180,141021,00-0037291,Jalen Nailor,WR,LV
drop,11631,136205,00-0039893,Brian Thomas Jr.,WR,JAX
drop,10218,135422,00-0038618,Xavier Hutchinson,WR,HOU
drop,DET,129564,,,,
drop,10219,128574,00-0038611,Chris Rodriguez Jr.,RB,JAX
drop,13286,125937,00-0041512,Jadarian Price,RB,SEA
drop,NYG,125192,,,,
drop,13545,124460,,,,
drop,11586,122592,00-0039738,Blake Corum,RB,LA
drop,6819,116425,00-0036252,Michael Pittman,WR,PIT
drop,9482,110889,00-0039066,Michael Mayer,TE,LV
drop,5045,110313,00-0034348,Courtland Sutton,WR,DEN
drop,8161,104566,00-0038128,Malik Willis,QB,MIA
drop,7021,103485,00-0036139,Rico Dowdle,RB,PIT
drop,3321,102984,,,,
drop,9480,98703,00-0038935,Brenton Strange,TE,JAX
drop,9486,98634,00-0038393,Dontayvion Wicks,WR,PHI
drop,13285,96945,00-0041042,Malachi Fields,WR,NYG
drop,6828,91408,00-0036265,AJ Dillon,RB,CAR
drop,11834,90230,00-0039424,Devaughn Vele,WR,NO
drop,13294,88112,00-0040867,Makai Lemon,WR,PHI
drop,9758,87717,00-0039163,C.J. Stroud,QB,HOU
