gsis_id,name,position,team,owner_name,is_starter,is_taxi,is_ir,sleeper_id,roster_fetched_at,age,years_exp,injury_status,nfl_status,draft_number,rookie_year,games,avg_opps,avg_targets,avg_carries,avg_snap_pct,avg_fpts,trend_opps,trend_snap,trend_season,baseline_source,trail_pts,season,week,source,pulled_at,proj_pass_att,proj_pass_yds,proj_pass_tds,proj_pass_int,proj_carries,proj_rush_yds,proj_rush_tds,proj_targets,proj_rec,proj_rec_yds,proj_rec_tds,proj_pts_ppr,proj_pts_half,proj_pts_std,proj_opps,proj_carry_share,proj_target_share,proj_pts_league,w_proj,E_opps,E_targets,E_carries,opponent,total_line,home,dvp_rank,mult,E_pts,pts_mix,depth_rank,prev_rank,confidence,conf,flag,why,peak_snap_3g,peak_opps_3g,role_games,role_opps,role_snap,ceiling_pts,median_pts,E_pts_model,p10,p90
00-0026498,Matthew Stafford,QB,LA,MrMasculinity,1,0,0,421,2026-10-09T15:28:28Z,38.7,17,,ACT,1.0,2009,2.0,2.5,0.0,2.5,1.0,15.29,1.0,-0.0,current,current season,22.853333333333335,2026,5,sleeper,2026-10-09T15:28:32Z,34.19,260.27,2.03,0.57,1.46,5.09,0.03,,,,,18.49,18.49,18.49,1.46,0.057,,18.65,0.5,2.0,0.0,2.0,BUF,54.5,1,3.0,1.105,22.9,50% projection,1,1.0,0.58,Med,,"2.0 exp opps (proj 1, recent 2) · QB1 · vs BUF (DvP 3, +10%) · Med confidence",1.0,3.333,21.0,1.9,0.98,29.4,23.2,20.2,10.4,28.0
00-0039732,Bo Nix,QB,DEN,MrMasculinity,1,0,0,11563,2026-10-09T15:28:28Z,26.6,2,,ACT,12.0,2024,2.0,3.0,0.0,3.0,0.99,18.85,-2.0,-0.02,current,current season,17.94,2026,5,sleeper,2026-10-09T15:28:32Z,33.03,230.93,1.47,1.03,4.7,18.52,0.27,,,,,17.41,17.41,17.41,4.7,0.17,,17.56,0.5,3.8,0.0,3.8,LAC,41.5,0,13.0,1.03,18.3,50% projection,1,1.0,0.64,Med,,"3.8 exp opps (proj 5, recent 3) · QB1 · vs LAC (DvP 13, +3%) · Med confidence",1.0,7.0,21.0,4.7,0.996,28.7,17.9,16.3,8.3,26.6
00-0041561,Carson Beck,QB,ARI,MrMasculinity,0,1,0,13272,2026-10-09T15:28:28Z,24.9,0,,ACT,65.0,2026,,,,,,,,,,,,2026,5,sleeper,2026-10-09T15:28:32Z,,,,,,,,,,,,,,,0.0,,,0.0,1.0,0.0,0.0,0.0,DET,54.5,1,1.0,1.12,0.0,projection only,3,3.0,0.36,Low,,"0.0 exp opps (proj 0) · QB3 · vs DET (DvP 1, +12%) · Low confidence",,,,,,,,6.5,-0.6,12.7
00-0040719,Bhayshul Tuten,RB,JAX,MrMasculinity,1,0,0,12490,2026-10-09T15:28:28Z,24.6,1,,ACT,104.0,2025,2.0,18.0,2.0,16.0,0.5349999999999999,14.05,2.0,0.11,current,current season,14.1,2026,5,sleeper,2026-10-09T15:28:32Z,,,,,15.03,59.16,0.53,2.04,1.63,12.45,0.12,12.66,11.85,11.03,17.07,0.507,0.068,12.69,0.5,17.5,2.0,15.5,PHI,41.5,1,7.0,1.075,14.4,50% projection,1,1.0,0.95,High,,"17.5 exp opps (proj 17, recent 18) · RB1 · 51% of team carries · vs PHI (DvP 7, +7%) · High confidence",0.527,17.0,4.0,16.8,0.518,14.4,8.3,12.1,4.3,22.0
00-0040784,Quinshon Judkins,RB,CLE,MrMasculinity,1,0,0,12512,2026-10-09T15:28:28Z,22.9,1,,ACT,36.0,2025,2.0,22.0,4.5,17.5,0.585,15.75,4.0,0.15,current,current season,13.766666666666667,2026,5,sleeper,2026-10-09T15:28:32Z,,,,,16.34,60.46,0.3,2.2,2.0,12.02,0.09,11.53,10.53,9.53,18.54,0.597,0.086,11.59,0.5,20.3,3.4,16.9,NYJ,39.5,0,1.0,1.12,14.2,50% projection,1,1.0,0.84,High,,"20.3 exp opps (proj 19, recent 22) · RB1 · 60% of team carries · vs NYJ (DvP 1, +12%) · High confidence",0.613,23.333,15.0,20.1,0.571,21.5,10.1,14.1,5.0,23.7
00-0036275,D'Andre Swift,RB,CHI,MrMasculinity,1,0,0,6790,2026-10-09T15:28:28Z,27.7,6,Questionable,ACT,35.0,2020,2.0,20.0,2.5,17.5,0.52,9.100000000000001,-6.0,-0.34,current,current season,10.366666666666667,2026,5,sleeper,2026-10-09T15:28:32Z,,,,,12.72,58.15,0.76,2.45,2.2,14.9,0.08,14.55,13.45,12.35,15.170000000000002,0.411,0.087,14.55,0.5,17.6,2.5,15.1,GB,45.5,0,3.0,1.105,13.8,50% projection,1,1.0,0.53,Med,QUESTIONABLE,"17.6 exp opps (proj 15, recent 20) · RB1 · 41% of team carries · vs GB (DvP 3, +10%) · Med confidence · QUESTIONABLE",0.663,21.0,19.0,17.6,0.589,23.3,13.4,12.4,5.3,23.3
00-0033906,Alvin Kamara,RB,NO,MrMasculinity,0,0,0,4035,2026-10-09T15:28:28Z,31.2,9,Questionable,ACT,67.0,2017,2.0,12.0,4.0,8.0,0.35,13.95,4.0,0.06,current,current season,11.700000000000001,2026,5,sleeper,2026-10-09T15:28:32Z,,,,,12.26,45.54,0.34,3.06,2.53,13.82,0.08,10.94,9.67,8.41,15.32,0.478,0.095,10.99,0.5,13.7,3.5,10.1,MIN,41.5,1,29.0,0.91,10.3,50% projection,1,1.0,0.55,Med,QUESTIONABLE,"13.7 exp opps (proj 15, recent 12) · RB1 · 48% of team carries · vs MIN (DvP 29, -9%) · Med confidence · QUESTIONABLE",0.797,22.333,10.0,16.5,0.687,15.6,8.3,9.8,2.1,18.7
00-0035261,Tony Pollard,RB,TEN,MrMasculinity,0,0,0,5967,2026-10-09T15:28:28Z,29.4,7,,ACT,128.0,2019,2.0,20.5,4.0,16.5,0.53,13.3,-1.0,-0.0,current,current season,11.366666666666667,2026,5,sleeper,2026-10-09T15:28:32Z,,,,,12.89,48.52,0.27,1.94,1.6,9.37,0.04,9.18,8.38,7.58,14.83,0.51,0.065,9.25,0.5,17.7,3.0,14.7,HOU,37.5,1,19.0,0.985,10.2,50% projection,1,1.0,0.72,High,,"17.7 exp opps (proj 15, recent 20) · RB1 · 51% of team carries · vs HOU (DvP 19, -2%) · High confidence",0.897,20.667,21.0,16.6,0.607,14.8,9.5,11.3,3.8,18.6
00-0040734,TreVeyon Henderson,RB,NE,MrMasculinity,1,0,0,12529,2026-10-09T15:28:28Z,24.0,1,,ACT,38.0,2025,2.0,12.5,1.5,11.0,0.37,4.05,7.0,-0.0,current,current season,7.233333333333333,2026,5,sleeper,2026-10-09T15:28:32Z,,,,,10.16,46.19,0.51,2.02,1.58,11.34,0.08,10.88,10.09,9.3,12.18,0.357,0.07,10.87,0.5,12.3,1.8,10.6,LV,45.5,1,6.0,1.082,9.8,50% projection,2,2.0,0.78,High,,"12.3 exp opps (proj 12, recent 12) · RB2 · 36% of team carries · vs LV (DvP 6, +8%) · High confidence",0.823,20.333,11.0,16.7,0.598,30.2,9.6,9.9,1.4,17.7
00-0040878,Mike Washington Jr.,RB,LV,MrMasculinity,0,0,0,13305,2026-10-09T15:28:28Z,23.3,0,,ACT,122.0,2026,2.0,8.0,1.0,7.0,0.185,7.050000000000001,6.0,0.05,current,current season,4.933333333333334,2026,5,sleeper,2026-10-09T15:28:32Z,,,,,4.37,26.28,0.23,1.0,0.61,4.85,0.04,5.34,5.03,4.72,5.37,0.182,0.032,5.34,0.5,6.7,1.0,5.7,NE,45.5,0,11.0,1.045,5.4,50% projection,2,2.0,0.54,Med,,"6.7 exp opps (proj 5, recent 8) · RB2 · 18% of team carries · vs NE (DvP 11, +4%) · Med confidence",0.187,6.667,0.0,,,9.2,3.4,5.4,0.4,12.2
00-0038120,Breece Hall,RB,NYJ,MrMasculinity,0,0,0,8155,2026-10-09T15:28:28Z,25.4,4,Out,ACT,36.0,2022,1.0,16.0,3.0,13.0,0.48,8.5,0.0,0.0,current,current season,14.833333333333334,2026,5,sleeper,2026-10-09T15:28:32Z,,,,,,,,,,,,,,,0.0,,,0.0,0.75,4.0,0.8,3.2,CLE,39.5,1,27.0,0.925,,75% projection,1,1.0,0.0,Low,OUT,"4.0 exp opps (proj 0, recent 16) · RB1 · vs CLE (DvP 27, -7%) · Low confidence · OUT",0.783,20.667,19.0,18.5,0.632,22.0,13.9,,,
00-0039165,Zach Charbonnet,RB,SEA,MrMasculinity,0,0,0,9753,2026-10-09T15:28:28Z,25.7,3,PUP,RES,52.0,2023,0.0,13.0,1.5,11.5,0.48375,11.3375,0.205882,-0.002206,prior,prior season only,21.433333333333334,2026,5,sleeper,2026-10-09T15:28:32Z,,,,,,,,,,,,,,,0.0,,,0.0,1.0,0.0,0.0,0.0,SF,45.5,1,4.0,1.098,,projection only,5,5.0,0.0,Low,PUP,"0.0 exp opps (proj 0, recent 13) · RB5 · vs SF (DvP 4, +10%) · Low confidence · PUP",0.557,18.0,12.0,13.8,0.527,19.1,10.9,,,
00-0040663,Harold Fannin Jr.,TE,CLE,MrMasculinity,1,0,0,12506,2026-10-09T15:28:28Z,22.2,1,,ACT,67.0,2025,2.0,7.0,7.0,0.0,0.875,17.9,-4.0,0.03,current,current season,17.900000000000002,2026,5,sleeper,2026-10-09T15:28:32Z,,,,,0.11,0.4,0.01,5.44,4.01,38.52,0.46,10.72,8.71,6.71,5.550000000000001,0.004,0.214,12.73,0.5,6.3,6.2,0.1,NYJ,39.5,0,20.0,0.978,15.0,50% projection,1,1.0,0.79,High,,"6.3 exp opps (proj 6, recent 7) · TE1 · 21% of team targets · vs NYJ (DvP 20, -2%) · High confidence",0.927,11.0,19.0,7.1,0.808,22.1,12.9,13.5,3.3,23.1
00-0038933,Dalton Kincaid,TE,BUF,MrMasculinity,1,0,0,10236,2026-10-09T15:28:28Z,27.0,3,,ACT,25.0,2023,2.0,2.5,2.5,0.0,0.63,2.75,-1.0,-0.08,current,current season,11.0,2026,5,sleeper,2026-10-09T15:28:32Z,,,,,,,,5.15,3.71,50.78,0.24,10.22,8.37,6.51,5.15,,0.161,12.08,0.5,3.8,3.8,0.0,LA,54.5,0,29.0,0.91,10.5,50% projection,1,1.0,0.49,Med,,"3.8 exp opps (proj 5, recent 2) · TE1 · 16% of team targets · vs LA (DvP 29, -9%) · Med confidence",0.683,5.667,8.0,5.1,0.59,24.2,10.0,10.1,1.6,18.5
00-0036970,Kyle Pitts,TE,ATL,MrMasculinity,0,0,0,7553,2026-10-09T15:28:28Z,26.0,5,,ACT,4.0,2021,2.0,2.5,2.5,0.0,0.55,4.6,1.0,-0.08,current,current season,4.733333333333333,2026,5,sleeper,2026-10-09T15:28:32Z,,,,,,,,4.1,2.71,33.0,0.28,7.72,6.36,5.01,4.1,,0.147,9.04,0.5,3.3,3.3,0.0,BAL,43.5,1,17.0,1.0,6.9,50% projection,1,1.0,0.61,Med,,"3.3 exp opps (proj 4, recent 2) · TE1 · 15% of team targets · vs BAL (DvP 17, +0%) · Med confidence",0.93,10.333,20.0,6.2,0.834,20.5,9.8,9.1,0.5,15.6
00-0037239,Chris Olave,WR,NO,MrMasculinity,1,0,0,8144,2026-10-09T15:28:28Z,26.3,4,Questionable,ACT,11.0,2022,2.0,12.5,12.5,0.0,0.85,19.65,-1.0,0.02,current,current season,21.96666666666667,2026,5,sleeper,2026-10-09T15:28:32Z,,,,,0.05,0.18,0.0,8.83,5.3,80.64,0.47,16.21,13.56,10.9,8.88,0.002,0.273,16.2,0.5,10.7,10.7,0.0,MIN,41.5,1,31.0,0.895,17.1,50% projection,1,1.0,0.5,Med,QUESTIONABLE,"10.7 exp opps (proj 9, recent 12) · WR1 · 27% of team targets · vs MIN (DvP 31, -10%) · Med confidence · QUESTIONABLE",0.9,13.333,20.0,10.2,0.844,28.1,15.9,17.2,5.7,27.8
00-0041438,Carnell Tate,WR,TEN,MrMasculinity,1,0,0,13279,2026-10-09T15:28:28Z,21.7,0,Questionable,ACT,4.0,2026,2.0,10.5,10.5,0.0,0.86,16.65,3.0,-0.04,current,current season,13.666666666666666,2026,5,sleeper,2026-10-09T15:28:32Z,,,,,0.03,0.08,0.0,8.22,5.05,59.72,0.18,12.08,9.56,7.03,8.25,0.001,0.276,12.11,0.5,9.4,9.4,0.0,HOU,37.5,1,1.0,1.12,14.4,50% projection,1,1.0,0.55,Med,QUESTIONABLE,"9.4 exp opps (proj 8, recent 10) · WR1 · 28% of team targets · vs HOU (DvP 1, +12%) · Med confidence · QUESTIONABLE",0.837,8.667,4.0,8.0,0.837,20.0,9.8,12.2,2.6,23.2
00-0035640,DK Metcalf,WR,PIT,MrMasculinity,1,0,0,5846,2026-10-09T15:28:28Z,28.8,7,,ACT,64.0,2019,2.0,7.0,7.0,0.0,0.96,14.3,4.0,0.02,current,current season,12.433333333333332,2026,5,sleeper,2026-10-09T15:28:32Z,,,,,0.15,0.7,0.01,7.66,3.8,61.97,0.47,12.97,11.07,9.17,7.8100000000000005,0.006,0.251,12.95,0.5,7.4,7.3,0.1,IND,44.5,1,16.0,1.008,12.8,50% projection,1,1.0,0.9,High,,"7.4 exp opps (proj 8, recent 7) · WR1 · 25% of team targets · vs IND (DvP 16, +1%) · High confidence",0.963,9.333,19.0,7.1,0.892,20.4,12.1,12.1,3.4,22.6
00-0037247,George Pickens,WR,DAL,MrMasculinity,1,0,0,8137,2026-10-09T15:28:28Z,25.6,4,,ACT,52.0,2022,3.0,9.0,9.0,0.0,0.8633333333333333,17.566666666666666,1.0,0.015,current,current season,11.566666666666668,2026,5,sleeper,2026-10-09T15:28:32Z,,,,,0.06,0.26,0.0,6.95,4.57,72.16,0.34,13.86,11.58,9.29,7.01,0.002,0.214,13.85,0.4,8.2,8.2,0.0,TB,49.5,1,17.0,1.0,12.5,40% projection,2,2.0,0.62,Med,,"8.2 exp opps (proj 7, recent 9) · WR2 · 21% of team targets · vs TB (DvP 17, +0%) · Med confidence",0.877,11.0,22.0,8.1,0.817,31.6,14.4,14.9,5.9,27.3
00-0041037,Denzel Boston,WR,CLE,MrMasculinity,1,0,0,13346,2026-10-09T15:28:28Z,22.8,0,,ACT,39.0,2026,2.0,5.5,5.5,0.0,0.9199999999999999,10.5,3.0,0.06,current,current season,13.833333333333334,2026,5,sleeper,2026-10-09T15:28:32Z,,,,,0.14,0.68,0.0,5.03,3.03,49.9,0.39,10.45,8.93,7.42,5.17,0.005,0.198,10.43,0.5,5.3,5.3,0.1,NYJ,39.5,0,23.0,0.955,11.6,50% projection,1,1.0,0.94,High,,"5.3 exp opps (proj 5, recent 6) · WR1 · 20% of team targets · vs NYJ (DvP 23, -5%) · High confidence",0.923,6.0,4.0,5.5,0.923,18.5,13.4,10.6,4.2,22.1
00-0039901,Keon Coleman,WR,BUF,MrMasculinity,0,0,0,11637,2026-10-09T15:28:28Z,23.4,2,,ACT,33.0,2024,2.0,4.5,4.5,0.0,0.63,14.15,5.0,0.3,current,current season,14.200000000000001,2026,5,sleeper,2026-10-09T15:28:32Z,,,,,0.04,0.18,0.0,5.15,3.28,46.88,0.19,9.15,7.51,5.87,5.19,0.001,0.161,9.13,0.5,4.8,4.8,0.0,LA,54.5,0,27.0,0.925,10.8,50% projection,3,3.0,0.52,Med,,"4.8 exp opps (proj 5, recent 4) · WR3 · 16% of team targets · vs LA (DvP 27, -7%) · Med confidence",0.757,6.0,15.0,4.8,0.676,19.6,6.8,9.1,1.6,19.6
00-0039919,Rome Odunze,WR,CHI,MrMasculinity,0,0,0,11620,2026-10-09T15:28:28Z,24.4,2,,ACT,9.0,2024,2.0,6.5,6.5,0.0,0.87,11.4,1.0,0.04,current,current season,10.033333333333333,2026,5,sleeper,2026-10-09T15:28:32Z,,,,,0.01,0.06,0.0,5.42,3.29,47.71,0.21,9.3,7.66,6.01,5.43,0.0,0.192,9.33,0.5,6.0,6.0,0.0,GB,45.5,0,19.0,0.985,9.5,50% projection,1,1.0,0.84,High,,"6.0 exp opps (proj 5, recent 6) · WR1 · 19% of team targets · vs GB (DvP 19, -2%) · High confidence",0.96,9.0,16.0,6.9,0.852,20.5,7.9,12.3,2.6,21.9
00-0040648,Tory Horton,WR,SEA,MrMasculinity,0,0,0,12497,2026-10-09T15:28:28Z,23.9,1,,ACT,166.0,2025,2.0,2.0,2.0,0.0,0.195,7.699999999999999,-2.0,-0.05,current,current season,12.066666666666668,2026,5,sleeper,2026-10-09T15:28:32Z,,,,,0.06,0.25,0.0,1.88,1.22,15.14,0.13,3.58,2.97,2.36,1.94,0.002,0.065,3.54,0.5,2.0,1.9,0.0,SF,45.5,1,22.0,0.962,7.5,50% projection,4,4.0,0.58,Med,,"2.0 exp opps (proj 2, recent 2) · WR4 · 6% of team targets · vs SF (DvP 22, -4%) · Med confidence",0.523,3.333,6.0,2.8,0.517,13.7,7.7,2.5,-0.1,9.0
00-0040138,Jaylin Noel,WR,HOU,MrMasculinity,0,0,0,12536,2026-10-09T15:28:28Z,24.1,1,,ACT,79.0,2025,2.0,3.5,2.5,1.0,0.44,8.2,1.0,0.36,current,current season,7.266666666666667,2026,5,sleeper,2026-10-09T15:28:32Z,,,,,0.09,0.39,0.0,3.06,2.14,32.39,0.17,6.45,5.38,4.31,3.15,0.003,0.106,6.44,0.5,3.3,2.8,0.5,TEN,37.5,0,11.0,1.045,7.2,50% projection,4,4.0,0.54,Med,,"3.3 exp opps (proj 3, recent 4) · WR4 · 11% of team targets · vs TEN (DvP 11, +4%) · Med confidence",0.493,5.667,3.0,5.7,0.55,11.7,2.3,5.7,0.3,14.4
00-0037545,Rashid Shaheed,WR,SEA,MrMasculinity,0,0,0,8676,2026-10-09T15:28:28Z,28.1,4,,ACT,,2022,2.0,4.0,3.0,1.0,0.53,7.8500000000000005,2.0,0.14,current,current season,7.533333333333334,2026,5,sleeper,2026-10-09T15:28:32Z,,,,,0.69,4.36,0.04,4.07,2.21,29.73,0.14,6.7,5.59,4.49,4.76,0.024,0.141,6.7,0.5,4.4,3.5,0.8,SF,45.5,1,22.0,0.962,6.8,50% projection,2,2.0,0.67,Med,,"4.4 exp opps (proj 5, recent 4) · WR2 · 14% of team targets · vs SF (DvP 22, -4%) · Med confidence",0.793,10.0,20.0,5.8,0.636,14.3,7.5,6.6,0.5,15.5
00-0040867,Makai Lemon,WR,PHI,MrMasculinity,0,0,0,13294,2026-10-09T15:28:28Z,22.4,0,,ACT,20.0,2026,2.0,5.0,5.0,0.0,0.72,5.800000000000001,2.0,0.04,current,current season,4.5,2026,5,sleeper,2026-10-09T15:28:32Z,,,,,0.09,0.31,0.0,4.44,3.23,26.33,0.14,6.76,5.14,3.52,4.53,0.003,0.172,6.73,0.5,4.8,4.7,0.0,JAX,41.5,0,7.0,1.075,6.0,50% projection,3,3.0,0.54,Med,,"4.8 exp opps (proj 5, recent 5) · WR3 · 17% of team targets · vs JAX (DvP 7, +7%) · Med confidence",0.69,4.0,4.0,4.0,0.678,5.8,4.1,7.0,0.5,14.5
00-0036309,Darnell Mooney,WR,NYG,MrMasculinity,0,0,0,7090,2026-10-09T15:28:28Z,28.9,6,,ACT,173.0,2020,2.0,3.0,2.5,0.5,0.495,2.45,-2.0,0.11,current,current season,3.9,2026,5,sleeper,2026-10-09T15:28:32Z,,,,,0.01,0.07,0.0,2.73,1.42,22.98,0.11,4.36,3.65,2.94,2.7399999999999998,0.0,0.1,4.38,0.5,2.9,2.6,0.3,WAS,42.5,0,2.0,1.112,4.6,50% projection,3,3.0,0.55,Med,,"2.9 exp opps (proj 3, recent 3) · WR3 · 10% of team targets · vs WAS (DvP 2, +11%) · Med confidence",0.94,6.0,19.0,4.4,0.767,8.7,4.7,4.9,0.0,11.1
00-0041443,Skyler Bell,WR,BUF,MrMasculinity,0,0,0,13402,2026-10-09T15:28:28Z,24.3,0,,ACT,125.0,2026,,,,,,,,,,,,2026,5,sleeper,2026-10-09T15:28:32Z,,,,,0.03,0.15,0.0,0.16,0.09,1.12,0.01,0.27,0.23,0.18,0.19,0.001,0.005,0.28,1.0,0.2,0.2,0.0,LA,54.5,0,27.0,0.925,0.3,projection only,6,6.0,0.36,Low,,"0.2 exp opps (proj 0) · WR6 · 0% of team targets · vs LA (DvP 27, -7%) · Low confidence",,,,,,,,2.4,-0.1,8.3
00-0039894,Xavier Worthy,WR,KC,MrMasculinity,0,0,0,11624,2026-10-09T15:28:28Z,23.5,2,,ACT,28.0,2024,2.0,4.5,4.5,0.0,0.79,7.5,5.0,-0.08,current,current season,9.5,2026,5,sleeper,2026-10-09T15:28:32Z,,,,,,,,,,,,,,,0.0,,,0.0,0.5,2.2,2.2,0.0,BYE,,0,,1.0,,50% projection,2,2.0,0.0,Low,BYE,"2.2 exp opps (proj 0, recent 4) · WR2 · Low confidence · BYE",0.82,8.333,17.0,6.1,0.767,12.0,8.2,,,
00-0039916,Ricky Pearsall,WR,SF,MrMasculinity,0,0,1,11638,2026-10-09T15:28:28Z,26.1,2,IR,RES,31.0,2024,0.0,6.111111111111111,5.888888888888889,0.2222222222222222,0.7811111111111111,9.844444444444443,-0.2,-0.0175,prior,prior season only,10.833333333333334,2026,5,sleeper,2026-10-09T15:28:32Z,,,,,,,,,,,,,,,0.0,,,0.0,1.0,0.0,0.0,0.0,SEA,45.5,0,30.0,0.902,,projection only,9,9.0,0.0,Low,IR,"0.0 exp opps (proj 0, recent 6) · WR9 · vs SEA (DvP 30, -10%) · Low confidence · IR",0.9,8.333,9.0,6.1,0.781,17.8,9.2,,,
00-0039146,Jayden Reed,WR,GB,MrMasculinity,0,0,0,10222,2026-10-09T15:28:28Z,26.4,3,IR,RES,50.0,2023,0.0,5.0,4.4,0.6,0.53,9.7,-0.4,0.043,prior,prior season only,4.833333333333333,2026,5,sleeper,2026-10-09T15:28:32Z,,,,,,,,,,,,,,,0.0,,,0.0,1.0,0.0,0.0,0.0,CHI,45.5,1,32.0,0.888,,projection only,7,7.0,0.0,Low,IR,"0.0 exp opps (proj 0, recent 5) · WR7 · vs CHI (DvP 32, -11%) · Low confidence · IR",0.6,5.667,5.0,5.4,0.568,11.7,8.1,,,
